KB_REGN_NM,KB_REGN_NM,KB_REGN_NM,CMPX_IDF_ID,CMPX_IDF_NM,TOT_HSHL_CNT,NV세대수,NV_CMPX_NM,NV_CMPX_ID,KB주택형,NV주택형,REG_USER_ID
개포동,강남구,서울특별시,KBA002688,경남(1차),408,678,경남,28,"104.98㎡/96.98㎡&,148.76㎡/123.28㎡&,185.12㎡/166.48㎡&","면적97㎡&,면적104㎡&,면적107㎡&,면적146㎡&,면적158㎡&,면적180㎡&,면적194㎡&,면적198㎡&",1000000015
개포동,강남구,서울특별시,KBA010239,경남(2차),270,678,경남,28,"99.17㎡/91.91㎡&,158.67㎡/149.21㎡&,195.04㎡/182.2㎡&","면적97㎡&,면적104㎡&,면적107㎡&,면적146㎡&,면적158㎡&,면적180㎡&,면적194㎡&,면적198㎡&",1000000015
개포동,강남구,서울특별시,KBA006284,우성9차.,232,234,우성9차,881,"98.21㎡/81.42㎡&,101.71㎡/84.9㎡&","면적98㎡&,면적101㎡&",1000000003
논현동,강남구,서울특별시,KBA007359,청학,69,70,청학,3042,"87.15㎡/85.12㎡&,99.65㎡/97.18㎡&","면적87㎡&,면적99㎡&",1000000001
대치동,강남구,서울특별시,KBA019779,하이캐슬(101동),50,67,하이캐슬,102325,"104.16㎡/84.27㎡&,104.13㎡/84.06㎡&","면적104A㎡&,면적104B㎡&,면적104C㎡&,면적105D㎡&,면적111㎡&,면적125㎡&,면적129㎡&,면적138㎡&,면적146㎡&,면적155㎡&,면적162㎡&,면적191㎡&",1000000012
대치동,강남구,서울특별시,KBA011499,대치동대우아이빌멤버스,139,134,대치대우아이빌멤버스4차,10393,"31.9㎡/25.52㎡&,39.26㎡/31.41㎡&,44.06㎡/35.31㎡&,51.82㎡/41.45㎡&,53.57㎡/42.84㎡&,58.62㎡/46.88㎡&,68.74㎡/54.96㎡&","면적31㎡&,면적39㎡&,면적44㎡&,면적45㎡&,면적51㎡&,면적53㎡&,면적58㎡&,면적63㎡&,면적68㎡&",1000000014
대치동,강남구,서울특별시,KBA005804,한보미도맨션(1차),1204,2435,"한보미도맨션1,2차",105,"112.39㎡/84.48㎡&,152.06㎡/128.01㎡&,188.43㎡/161.36㎡&,221.48㎡/191.07㎡&","면적113A㎡&,면적114B㎡&,면적135㎡&,면적148㎡&,면적152㎡&,면적183㎡&,면적188㎡&,면적217㎡&,면적220㎡&",1000000015
대치동,강남구,서울특별시,KBA008495,한보미도맨션(2차),1232,2435,"한보미도맨션1,2차",105,"115.7㎡/84.96㎡&,135.53㎡/115.05㎡&,148.76㎡/126.33㎡&,185.12㎡/159.15㎡&,218.18㎡/190.47㎡&","면적113A㎡&,면적114B㎡&,면적135㎡&,면적148㎡&,면적152㎡&,면적183㎡&,면적188㎡&,면적217㎡&,면적220㎡&",1000000015
대치동,강남구,서울특별시,KBA003026,선경(1차),644,1034,"선경1,2차",154,"138.84㎡/128.32㎡&,158.67㎡/136.67㎡&,188.43㎡/163.94㎡&,102.47㎡/94.89㎡&","면적101A㎡&,면적102B㎡&,면적137㎡&,면적148㎡&,면적157㎡&,면적182㎡&,면적186㎡&",1000000015
대치동,강남구,서울특별시,KBA010576,선경(2차),390,1034,"선경1,2차",154,"102.47㎡/84.55㎡&,148.76㎡/127.75㎡&,181.81㎡/160.76㎡&","면적101A㎡&,면적102B㎡&,면적137㎡&,면적148㎡&,면적157㎡&,면적182㎡&,면적186㎡&",1000000015
도곡동,강남구,서울특별시,KBA001081,매봉(삼성),110,132,매봉,334,"70.84㎡/59.82㎡&,100.61㎡/83.49㎡&","면적70㎡&,면적98A㎡&,면적100B㎡&",1000000015
도곡동,강남구,서울특별시,KBA009283,현대비젼21,437,232,현대비젼21,8331,"50.9㎡/32.65㎡&,51.6㎡/33.1㎡&,54.55㎡/34.99㎡&,66.57㎡/42.7㎡&","면적50㎡&,면적51㎡&,면적54㎡&,면적66㎡&",1000000001
삼성동,강남구,서울특별시,KBA000897,진흥,630,255,진흥,100285,"109.09㎡/83.58㎡&,180.67㎡/170㎡&,224.79㎡/196.73㎡&","면적110㎡&,면적180㎡&,면적221㎡&",1000000001
삼성동,강남구,서울특별시,KBA012337,삼성리치빌,59,48,삼성리치빌,13609,84.98㎡/84.96㎡&,면적99㎡&,1000000001
삼성동,강남구,서울특별시,KBA011476,삼부,83,48,강변삼부,8404,"81.38㎡/59.61㎡&,81.68㎡/59.85㎡&,110.87㎡/81.21㎡&,113.81㎡/83.39㎡&,125.73복층㎡/92.09㎡&","면적100㎡&,면적135㎡&",1000000013
수서동,강남구,서울특별시,KBA008997,까치마을,1410,1403,까치마을,641,"49.01㎡/34.44㎡&,56.36㎡/39.6㎡&,70.45㎡/49.5㎡&","면적49㎡&,면적56㎡&,면적70㎡&",1000000001
신사동,강남구,서울특별시,KBA009405,로데오현대,139,138,로데오현대,826,"73.95㎡/55.08㎡&,114.07㎡/84.96㎡&,122.1㎡/90.94㎡&","면적73㎡&,면적114㎡&,면적122㎡&",1000000001
압구정동,강남구,서울특별시,KBA001999,현대(1차),660,960,"현대1,2차",712,"142.14㎡/131.48㎡&,178.51㎡/160.28㎡&,214.87㎡/196.36㎡&","면적141㎡&,면적172㎡&,면적176A㎡&,면적176B㎡&,면적176㎡&,면적211㎡&,면적213㎡&",1000000015
압구정동,강남구,서울특별시,KBA009818,현대(2차),480,960,"현대1,2차",712,"175.2㎡/160.28㎡&,178.51㎡/162.94㎡&,214.87㎡/196.84㎡&","면적141㎡&,면적172㎡&,면적176A㎡&,면적176B㎡&,면적176㎡&,면적211㎡&,면적213㎡&",1000000015
압구정동,강남구,서울특별시,KBA007356,현대(6차),728,1288,"현대6,7차",724,"158.67㎡/144.2㎡&,171.9㎡/157.36㎡&,214.87㎡/196.7㎡&","면적156A㎡&,면적156C㎡&,면적156B㎡&,면적157㎡&,면적170㎡&,면적212A㎡&,면적212B㎡&,면적264㎡&",1000000015
압구정동,강남구,서울특별시,KBA011263,현대(7차),560,1288,"현대6,7차",724,"158.67㎡/144.2㎡&,171.9㎡/157.36㎡&,214.87㎡/196.7㎡&,264.46㎡/245.2㎡&","면적156A㎡&,면적156C㎡&,면적156B㎡&,면적157㎡&,면적170㎡&,면적212A㎡&,면적212B㎡&,면적264㎡&",1000000015
청담동,강남구,서울특별시,KBA004351,진흥,630,375,진흥,733,"107.19㎡/83.58㎡&,145.69㎡/126.46㎡&,181.81㎡/158.81㎡&","면적107㎡&,면적109㎡&,면적143㎡&,면적145B㎡&,면적145A㎡&,면적180㎡&",1000000001
청담동,강남구,서울특별시,KBA003477,신동아,107,106,신동아,8478,103.82㎡/84.94㎡&,"면적103㎡&,면적115㎡&",1000000001
길동,강동구,서울특별시,KBA011506,"에이치비골드빌(2,3차)",186,317,에이치비골드빌,11980,"62.81㎡/42.3㎡&,85.95A㎡/57.31㎡&,92.56㎡/62.39㎡&,99.17㎡/64.19㎡&,109.09A㎡/74.51㎡&,115.7㎡/83.11㎡&","면적47㎡&,면적51㎡&,면적61㎡&,면적69㎡&,면적71㎡&,면적75㎡&,면적81A㎡&,면적83B㎡&,면적84㎡&,면적88A㎡&,면적90C㎡&,면적90B㎡&,면적95㎡&,면적97A㎡&,면적98B㎡&,면적101㎡&,면적114㎡&",1000000014
길동,강동구,서울특별시,KBA005969,길동골드빌1차,131,19,골든빌,18611,"79.33㎡/60.1㎡&,95.86㎡/72.41㎡&,112.39㎡/84.77㎡&","면적125㎡&,면적132㎡&,면적224㎡&,면적267㎡&",1000000013
둔촌동,강동구,서울특별시,KBA015234,광남캐스빌,98,126,광남캐스빌(435-7),22177,102.13㎡/83.97㎡&,"면적79㎡&,면적92㎡&,면적102D㎡&,면적102E㎡&,면적102C㎡&,면적102B㎡&,면적102A㎡&,면적108㎡&,면적142㎡&",1000000014
명일동,강동구,서울특별시,KBA015047,우성(휠),51,77,우성(356),18555,105.3㎡/84.97㎡&,"면적52㎡&,면적84㎡&,면적90㎡&,면적92A㎡&,면적92B㎡&,면적96㎡&,면적98E㎡&,면적98F㎡&,면적99A㎡&,면적99B㎡&,면적100C㎡&,면적100D㎡&,면적103㎡&,면적104B㎡&,면적105A㎡&",1000000012
성내동,강동구,서울특별시,KBA005542,삼성(3단지),50,1220,성내삼성,993,112.39㎡/84.99㎡&,"면적85㎡&,면적110㎡&,면적142㎡&",1000000015
성내동,강동구,서울특별시,KBA006629,삼성(1단지),510,1220,성내삼성,993,85.95㎡/59.88㎡&,"면적85㎡&,면적110㎡&,면적142㎡&",1000000015
성내동,강동구,서울특별시,KBA010828,삼성(2단지),661,1220,성내삼성,993,"109.09㎡/84.99㎡&,142.14㎡/114.93㎡&","면적85㎡&,면적110㎡&,면적142㎡&",1000000015
미아동,강북구,서울특별시,KBA019325,경남아너스빌(796),209,208,경남아너스빌(796),23821,"86.81㎡/62.71㎡&,108.38A㎡/84.91㎡&,108.18B㎡/84.87㎡&,108.91C㎡/84.93㎡&,109.73㎡/84.98㎡&,102.02㎡/81.98㎡&","면적86㎡&,면적102㎡&,면적108B㎡&,면적108A㎡&,면적108C㎡&,면적109㎡&",1000000001
미아동,강북구,서울특별시,KBA002877,SK북한산시티,5327,3830,SK북한산시티,3098,"81.43㎡/59.98㎡&,109.28D㎡/84.76㎡&,142.21㎡/114.85㎡&,111.12B㎡/84.71㎡&,111.06C㎡/84.92㎡&,111.31A㎡/84.86㎡&","면적81A㎡&,면적109㎡&,면적111C㎡&,면적111B㎡&,면적111A㎡&,면적142㎡&",1000000001
미아동,강북구,서울특별시,KBA002696,벽산라이브파크,2075,1585,벽산라이브파크,3099,"74.38㎡/59.67㎡&,74.79㎡/60㎡&,102.49㎡/84.89㎡&,133.01㎡/114.68㎡&","면적74A㎡&,면적74B㎡&,면적102㎡&,면적133㎡&",1000000001
미아동,강북구,서울특별시,KBA011525,삼각산아이원,2017,1344,삼각산아이원,8206,"79.4㎡/59.75㎡&,105.19㎡/84.7㎡&,137.59㎡/114.88㎡&","면적79㎡&,면적105㎡&,면적137㎡&",1000000001
번동,강북구,서울특별시,KBA018037,효성네오인텔리안,123,121,효성네오인텔리안,17631,"53.19B㎡/41.15㎡&,91.85㎡/71.05㎡&,104.87㎡/81.12㎡&,52.99A㎡/40.99㎡&","면적52A㎡&,면적53B㎡&,면적77㎡&,면적91㎡&,면적104㎡&,면적196㎡&",1000000001
번동,강북구,서울특별시,KBA001565,훼미리힐,74,54,훼미리힐,3130,"76.03㎡/59.16㎡&,95.86㎡/78.84㎡&,155.37㎡/126.67㎡&","면적75㎡&,면적94㎡&,면적151㎡&",1000000001
가양동,강서구,서울특별시,KBA011540,일신건영휴먼빌,174,177,일신건영휴먼빌,9788,"77.57㎡/59.98㎡&,105.11㎡/84.95㎡&,81.08㎡/65.13㎡&","면적77㎡&,면적81㎡&,면적105㎡&",1000000001
내발산동,강서구,서울특별시,KBA019735,청솔숲속마을(102동),77,125,청솔숲속마을,25875,"78.55㎡/61.68㎡&,106.85㎡/84.62㎡&","면적78㎡&,면적99㎡&,면적103A㎡&,면적104B㎡&,면적106C㎡&,면적108㎡&,면적127㎡&",1000000012
내발산동,강서구,서울특별시,KBA022102,마곡수명산파크1단지,580,1421,마곡수명산파크1단지,25967,107.65㎡/84.68㎡&,"면적107F㎡&,면적107A㎡&,면적107F1㎡&,면적107B㎡&",1000000001
내발산동,강서구,서울특별시,KBA019318,마곡수명산파크3단지,237,518,마곡수명산파크3단지,25968,108.59㎡/84.76㎡&,"면적108D㎡&,면적108F㎡&,면적108E㎡&",1000000001
내발산동,강서구,서울특별시,KBA019319,마곡수명산파크6단지,162,399,마곡수명산파크6단지,25969,108.03㎡/84.68㎡&,"면적66A㎡&,면적107F㎡&,면적108A㎡&,면적108B㎡&",1000000001
내발산동,강서구,서울특별시,KBA019865,마곡수명산파크4단지,630,919,마곡수명산파크4단지,26123,"79.38㎡/59.84㎡&,111.66㎡/84.96㎡&","면적79㎡&,면적111D㎡&,면적111F㎡&,면적111E㎡&",1000000001
내발산동,강서구,서울특별시,KBA020356,마곡수명산파크5단지,458,948,마곡수명산파크5단지,26124,80.26㎡/59.84㎡&,"면적80A㎡&,면적80C㎡&,면적80B㎡&",1000000001
등촌동,강서구,서울특별시,KBA011535,등촌3차보람쉬움,68,65,등촌3차보람쉬움,10255,"108.49A㎡/84.51㎡&,108.14B㎡/84.09㎡&,142.28㎡/112.05㎡&","면적108B㎡&,면적108A㎡&,면적142㎡&",1000000001
등촌동,강서구,서울특별시,KBA011148,등촌동아이파크(2단지),257,1653,등촌아이파크,13859,105.78㎡/84.75㎡&,"면적105C㎡&,면적105B㎡&,면적107A㎡&,면적150㎡&,면적170㎡&,면적171㎡&,면적204㎡&,면적296㎡&",1000000015
등촌동,강서구,서울특별시,KBA011531,등촌동아이파크(1차),1363,1653,등촌아이파크,13859,"102.47㎡/84.99㎡&,148.76㎡/119.9㎡&,168.59A㎡/134.88㎡&,168.59BC㎡/134.98㎡&,201.65㎡/165.82㎡&","면적105C㎡&,면적105B㎡&,면적107A㎡&,면적150㎡&,면적170㎡&,면적171㎡&,면적204㎡&,면적296㎡&",1000000015
방화동,강서구,서울특별시,KBA011351,도시개발공사(그린),984,2547,도시개발2단지,23,"44.08㎡/33.6㎡&,52.16㎡/39.76㎡&,65.29㎡/49.77㎡&","면적43A㎡&,면적44B㎡&,면적52A㎡&,면적65㎡&",1000000012
염창동,강서구,서울특별시,KBA006897,극동상록수,259,256,극동상록수,1028,"86.05㎡/59.91㎡&,110.36㎡/84.96㎡&","면적86㎡&,면적110㎡&",1000000001
염창동,강서구,서울특별시,KBA019625,보람더하임(1차),202,221,보람더하임1차,25936,"103.73㎡/84.97㎡&,136.97㎡/116.92㎡&","면적103㎡&,면적105B㎡&,면적105A㎡&,면적118㎡&,면적136㎡&,면적169㎡&",1000000002
화곡동,강서구,서울특별시,KBA003706,초록,625,626,초록,1038,"69.75㎡/49.77㎡&,83.16㎡/59.34㎡&,106.87㎡/84.07㎡&","면적68B㎡&,면적69A㎡&,면적82B㎡&,면적83A㎡&,면적83C㎡&,면적106B㎡&,면적106A㎡&,면적106E㎡&,면적107D㎡&,면적107C㎡&",1000000001
화곡동,강서구,서울특별시,KBA011530,화곡보람(보람쉬움),189,44,화곡보람쉬움6차(더하임),19505,"107.06A㎡/84.94㎡&,107.59B㎡/84.51㎡&,140.84㎡/112.05㎡&,76.02㎡/59.24㎡&","면적100㎡&,면적103㎡&",1000000014
화곡동,강서구,서울특별시,KBA004424,해태드림타운,98,69,해태드림타운,3160,"85.7㎡/66.15㎡&,103.82㎡/80.13㎡&,107.74㎡/83.16㎡&","면적85㎡&,면적95㎡&,면적103㎡&,면적107㎡&",1000000001
화곡동,강서구,서울특별시,KBA015536,삼도,72,64,삼도,9306,102.6㎡/75.52㎡&,면적102㎡&,1000000001
남현동,관악구,서울특별시,KBA012787,르메이에르강남타운I.,50,46,르메이에르강남타운1차,14201,155.11㎡/132.36㎡&,면적155㎡&,1000000012
봉천동,관악구,서울특별시,KBA002279,성현동아,2090,1261,성현동아,1045,"86.19㎡/59.76㎡&,108.02㎡/84.87㎡&,141.16㎡/114.69㎡&","면적86㎡&,면적108㎡&,면적141㎡&",1000000001
봉천동,관악구,서울특별시,KBA002367,봉천우성,2314,1597,봉천우성,1048,"87.63㎡/59.76㎡&,106.06㎡/84.96㎡&,143.28㎡/114.78㎡&","면적87㎡&,면적106㎡&,면적143㎡&",1000000001
봉천동,관악구,서울특별시,KBA002223,해태보라매타워,256,138,해태보라매타워,1049,"83.18㎡/59.94㎡&,116.63㎡/84.04㎡&","면적83㎡&,면적116A㎡&,면적117B㎡&",1000000001
봉천동,관악구,서울특별시,KBA011562,벽산블루밍,2904,2105,벽산블루밍1차,2986,"78.18㎡/59.99㎡&,110.76㎡/84.99㎡&,132.88㎡/101.95㎡&,149.84A㎡/114.97㎡&,149.86B㎡/114.99㎡&,149.84N㎡/114.97㎡&","면적78㎡&,면적110㎡&,면적132㎡&,면적149A㎡&,면적149N㎡&,면적149B㎡&",1000000004
봉천동,관악구,서울특별시,KBA011563,관악푸르지오,2496,2104,관악푸르지오,2988,"79.89㎡/59.58㎡&,83.38㎡/59.58㎡&,106.88㎡/84.75㎡&,112.93㎡/84.2㎡&,139.22㎡/112.4㎡&","면적79㎡&,면적83㎡&,면적106A㎡&,면적106B㎡&,면적112㎡&,면적139㎡&",1000000001
봉천동,관악구,서울특별시,KBA007257,두산,2561,2001,두산,3034,"82.27㎡/59.92㎡&,110.17㎡/84.87㎡&,112.78㎡/84.92㎡&,143.41㎡/114.99㎡&,159.02㎡/114.99㎡&","면적82A㎡&,면적82B㎡&,면적110A㎡&,면적111A㎡&,면적112B㎡&,면적143㎡&,면적159㎡&",1000000001
신림동,관악구,서울특별시,KBA001809,신림1단지주공,960,90,신림주공1단지,1263,86.62㎡/59.5㎡&,면적86㎡&,1000000012
신림동,관악구,서울특별시,KBA010280,보라매.,92,96,보라매,13405,"66.66㎡/59.7㎡&,66.76㎡/59.7㎡&,66.77㎡/59.94㎡&,72.89㎡/59.99㎡&","면적66B1㎡&,면적66A1㎡&,면적66A2㎡&,면적66D㎡&,면적66F㎡&,면적66G㎡&,면적66B2㎡&,면적66C㎡&,면적66E㎡&,면적67H㎡&,면적72C㎡&,면적72A㎡&,면적76㎡&",1000000003
신림동,관악구,서울특별시,KBA004034,신림하이츠빌라.,126,90,신림하이츠,15715,"100.8㎡/79.14㎡&,116.57㎡/84.96㎡&","면적100㎡&,면적108A㎡&,면적109B㎡&,면적112B㎡&,면적112C㎡&,면적113A㎡&,면적114B㎡&,면적116A㎡&,면적117㎡&,면적123㎡&,면적125㎡&",1000000013
구의동,광진구,서울특별시,KBA003933,성동강변파크빌,97,98,성동강변파크빌,3184,"77㎡/59.1㎡&,109.2㎡/84.96㎡&","면적75A㎡&,면적77B㎡&,면적99㎡&,면적108B㎡&,면적109A㎡&",1000000001
자양동,광진구,서울특별시,KBA003910,자양.,129,112,자양,1059,"62.28㎡/50.25㎡&,67.14㎡/55.24㎡&","면적39A㎡&,면적39B㎡&,면적60㎡&,면적62㎡&,면적67㎡&,면적69㎡&",1000000003
자양동,광진구,서울특별시,KBA013143,광진트라팰리스,196,204,광진트라팰리스,14607,"103.26㎡/84.96㎡&,186.92㎡/153.79㎡&,206.05㎡/169.53㎡&,144.77㎡/119.11㎡&","면적103㎡&,면적144㎡&,면적186㎡&,면적206㎡&",1000000001
자양동,광진구,서울특별시,KBA018461,이튼타워리버3차,257,260,이튼타워리버3차,22230,"104.04A㎡/84.96㎡&,104.07B㎡/84.98㎡&,104.04C㎡/84.96㎡&,150.25㎡/122.69㎡&,168.64㎡/137.71㎡&","면적104A㎡&,면적104C㎡&,면적104B㎡&,면적150㎡&,면적155A㎡&,면적155B㎡&,면적168㎡&",1000000001
개봉동,구로구,서울특별시,KBA005358,동도센트리움,162,136,동도센트리움,10391,"92.29㎡/78.47㎡&,97.67㎡/83.05㎡&,134.4㎡/114.28㎡&,140.5㎡/119.46㎡&","면적92㎡&,면적97㎡&,면적134A㎡&,면적136B㎡&,면적140A㎡&,면적141B㎡&",1000000001
고척동,구로구,서울특별시,KBA011212,한성,145,130,한성,1064,"85.86㎡/66.06㎡&,88.08㎡/68.88㎡&,94.44㎡/73.98㎡&,97.7㎡/78.3㎡&","면적83A㎡&,면적84B㎡&,면적84C㎡&,면적85D㎡&,면적88㎡&,면적90C㎡&,면적91A㎡&,면적91B㎡&,면적94㎡&,면적97A㎡&,면적97B㎡&",1000000001
구로동,구로구,서울특별시,KBA011577,아스타빌,74,77,아스타빌,13868,"113.51㎡/84.99㎡&,90.69㎡/67.97㎡&,104.46㎡/78.18㎡&","면적90㎡&,면적93㎡&,면적104㎡&,면적113㎡&,면적123㎡&,면적142㎡&",1000000001
구로동,구로구,서울특별시,KBA008978,일신건영,125,124,일신건영,3203,"79.27㎡/59.97㎡&,111.92㎡/84.66㎡&","면적79A㎡&,면적79B㎡&,면적111㎡&",1000000001
구로동,구로구,서울특별시,KBA012406,희훈타워빌,71,73,희훈타워빌,3208,"156.26㎡/127.05㎡&,158.26㎡/128.68㎡&,175.37㎡/142.59㎡&","면적137㎡&,면적146㎡&,면적150A㎡&,면적151B㎡&,면적152C㎡&,면적156㎡&,면적158㎡&,면적165㎡&,면적175㎡&",1000000001
구로동,구로구,서울특별시,KBA010648,구로두산,1727,1285,구로두산,912,"66.12㎡/44.64㎡&,72.73㎡/51.84㎡&,82.65㎡/63.33㎡&,105.79㎡/84.9㎡&","면적66㎡&,면적72㎡&,면적82㎡&,면적105㎡&",1000000001
궁동,구로구,서울특별시,KBA000957,궁동빌라.,183,184,궁동신생,15763,"67.2㎡/45.75㎡&,73.36㎡/50.37㎡&,86.7㎡/52.68㎡&,65.2㎡/43.44㎡&","면적64A㎡&,면적67B㎡&,면적73㎡&,면적86㎡&",1000000014
신도림동,구로구,서울특별시,KBA005792,신도림대림(2차),1242,2298,"신도림대림1,2차",3354,"76.03A㎡/59.93㎡&,79.33A㎡/59.9㎡&,105.78㎡/84.95㎡&,125.62㎡/101.48㎡&,161.98㎡/134.99㎡&,76.03B㎡/59.82㎡&,79.33B㎡/59.88㎡&","면적78B㎡&,면적78A㎡&,면적82B㎡&,면적82A㎡&,면적108㎡&,면적126㎡&,면적163㎡&",1000000015
신도림동,구로구,서울특별시,KBA007229,신도림대림(1차),1056,2298,"신도림대림1,2차",3354,"76.03A㎡/59.93㎡&,79.33A㎡/59.9㎡&,105.78㎡/84.95㎡&,125.62㎡/101.48㎡&,161.98㎡/134.99㎡&,76.03B㎡/59.82㎡&,79.33B㎡/59.88㎡&","면적78B㎡&,면적78A㎡&,면적82B㎡&,면적82A㎡&,면적108㎡&,면적126㎡&,면적163㎡&",1000000015
오류동,구로구,서울특별시,KBA027541,다청림(도),82,101,다청림,109763,"21.87㎡/15.57㎡&,50.57㎡/36.01㎡&,53.51㎡/38.11㎡&","면적21㎡&,면적50㎡&,면적53㎡&,면적74㎡&,면적78㎡&,면적148㎡&",1000000012
독산동,금천구,서울특별시,KBA004594,독산동동아,108,106,독산동아,1079,"78.31㎡/59.96㎡&,110.84㎡/84.87㎡&","면적78㎡&,면적97㎡&,면적110㎡&",1000000009
시흥동,금천구,서울특별시,KBA006657,시흥,80,79,시흥,1083,"41.41㎡/39.83㎡&,45.71㎡/44.13㎡&","면적41㎡&,면적45㎡&,면적50㎡&",1000000001
시흥동,금천구,서울특별시,KBA007764,시흥목련,68,173,시흥목련,1084,82.15㎡/59.21㎡&,면적82㎡&,1000000001
상계동,노원구,서울특별시,KBA009976,동아불암,1107,673,불암동아,1101,"83.45㎡/59.4㎡&,109.91㎡/84.9㎡&,141.71㎡/114.24㎡&","면적83㎡&,면적109B㎡&,면적109A㎡&,면적141㎡&",1000000012
상계동,노원구,서울특별시,KBA001924,불암현대,1298,826,불암현대,1103,"81.03㎡/59.4㎡&,109.61㎡/84.9㎡&,139.9㎡/114.24㎡&","면적81㎡&,면적109B㎡&,면적109A㎡&,면적139A㎡&,면적140B㎡&",1000000001
상계동,노원구,서울특별시,KBA003771,상계주공(3단지고층),2113,2213,상계주공3단지,192,"42.97㎡/32.39㎡&,56.19㎡/41.3㎡&,76.03㎡/59.28㎡&,79.33㎡/58.01㎡&,82.64㎡/60.5㎡&,95.34㎡/68.86㎡&,97.81㎡/73.94㎡&,99.17㎡/75.2㎡&,109.09㎡/84.38㎡&","면적45㎡&,면적58A㎡&,면적58C㎡&,면적59B㎡&,면적67㎡&,면적76A㎡&,면적76B㎡&,면적76C㎡&,면적78D㎡&,면적80㎡&,면적83㎡&,면적91㎡&,면적95㎡&,면적97A㎡&,면적99B㎡&,면적111A㎡&,면적111B㎡&",1000000015
상계동,노원구,서울특별시,KBA003923,상계주공(3단지저층),100,2213,상계주공3단지,192,"76.03㎡/71.89㎡&,89.25㎡/84.41㎡&,66.11㎡/62.17㎡&","면적45㎡&,면적58A㎡&,면적58C㎡&,면적59B㎡&,면적67㎡&,면적76A㎡&,면적76B㎡&,면적76C㎡&,면적78D㎡&,면적80㎡&,면적83㎡&,면적91㎡&,면적95㎡&,면적97A㎡&,면적99B㎡&,면적111A㎡&,면적111B㎡&",1000000015
상계동,노원구,서울특별시,KBA010266,상계주공(14단지고층),2025,2265,상계주공14단지,199,"115.7㎡/90.94㎡&,56.19㎡/41.3㎡&,59.5㎡/45.9㎡&,69.42㎡/49.94㎡&,76.03㎡/59.39㎡&","면적58㎡&,면적60B㎡&,면적60A㎡&,면적71㎡&,면적74B㎡&,면적77A㎡&,면적85㎡&,면적100㎡&,면적118㎡&",1000000014
상계동,노원구,서울특별시,KBA018755,상계주공(14단지저층),240,2265,상계주공14단지,199,"72.72㎡/62.17㎡&,85.95㎡/71.89㎡&,99.17㎡/84.41㎡&","면적58㎡&,면적60B㎡&,면적60A㎡&,면적71㎡&,면적74B㎡&,면적77A㎡&,면적85㎡&,면적100㎡&,면적118㎡&",1000000014
상계동,노원구,서울특별시,KBA009197,상계주공(1단지),1834,2064,상계주공1단지,202,"42.97㎡/32.39㎡&,56.19㎡/41.3㎡&,66.11㎡/49.94㎡&,76.03㎡/59.28㎡&,79.33㎡/58.01㎡&,82.64㎡/60.5㎡&,92.56㎡/68.86㎡&","면적46㎡&,면적59㎡&,면적67㎡&,면적68㎡&,면적76C㎡&,면적76B㎡&,면적76A㎡&,면적78B㎡&,면적80A㎡&,면적83㎡&,면적92B㎡&,면적95A㎡&",1000000002
상계동,노원구,서울특별시,KBA007762,상계주공(2단지),1807,2029,상계주공2단지,203,"42.97㎡/32.39㎡&,56.19㎡/41.3㎡&,76.03㎡/59.39㎡&,79.33㎡/58.01㎡&,82.64㎡/60.5㎡&,92.56㎡/68.86㎡&","면적45㎡&,면적54㎡&,면적58A㎡&,면적58C㎡&,면적59B㎡&,면적67B㎡&,면적70A㎡&,면적76C㎡&,면적76B㎡&,면적76A㎡&,면적78B㎡&,면적80A㎡&,면적81A㎡&,면적83B㎡&,면적92㎡&,면적95㎡&",1000000002
상계동,노원구,서울특별시,KBA008600,상계불암대림,840,634,상계불암대림,3247,"84.14㎡/59.22㎡&,108.54㎡/84.96㎡&,142.16㎡/114.81㎡&","면적84㎡&,면적108㎡&,면적142㎡&",1000000001
상계동,노원구,서울특별시,KBA009122,상계주공(10단지고층),2294,2654,상계주공10단지,72,"56.19㎡/41.3㎡&,62.81㎡/45.77㎡&,69.42㎡/49.94㎡&,76.03㎡/59.28㎡&,79.33㎡/58.01㎡&,82.64㎡/59.39㎡&,92.56㎡/66.56㎡&,95.86㎡/68.86㎡&","면적52(저층)㎡&,면적60㎡&,면적60(저층)㎡&,면적63B㎡&,면적64A㎡&,면적70㎡&,면적76A㎡&,면적76B㎡&,면적80㎡&,면적82C㎡&,면적85B㎡&,면적85A㎡&,면적92㎡&,면적96㎡&",1000000015
상계동,노원구,서울특별시,KBA011248,상계주공(10단지저층),360,2654,상계주공10단지,72,"49.58㎡/47.34㎡&,59.5㎡/54.54㎡&","면적52(저층)㎡&,면적60㎡&,면적60(저층)㎡&,면적63B㎡&,면적64A㎡&,면적70㎡&,면적76A㎡&,면적76B㎡&,면적80㎡&,면적82C㎡&,면적85B㎡&,면적85A㎡&,면적92㎡&,면적96㎡&",1000000015
상계동,노원구,서울특별시,KBA011606,대망드림힐,169,165,대망드림힐,8367,"91.46㎡/67.23㎡&,111.63A㎡/84.49㎡&,112.11B㎡/84.89㎡&,129.46㎡/102.01㎡&,97.9㎡/70.88㎡&","면적91㎡&,면적97㎡&,면적111A㎡&,면적112B㎡&,면적129㎡&,면적142㎡&",1000000001
월계동,노원구,서울특별시,KBA002927,미성.,1620,3930,"미륭,미성,삼호3차",219,"42.97㎡/33.28㎡&,70.09㎡/50.14㎡&","면적43㎡&,면적68㎡&,면적71㎡&,면적78㎡&",1000000015
월계동,노원구,서울특별시,KBA005883,미륭.,1050,3930,"미륭,미성,삼호3차",219,72.72㎡/51.48㎡&,"면적43㎡&,면적68㎡&,면적71㎡&,면적78㎡&",1000000015
월계동,노원구,서울특별시,KBA006855,삼호3차.,1260,3930,"미륭,미성,삼호3차",219,82.64㎡/59.22㎡&,"면적43㎡&,면적68㎡&,면적71㎡&,면적78㎡&",1000000015
중계동,노원구,서울특별시,KBA002002,롯데,570,1890,"경남,롯데,상아",230,"66.11㎡/54.48㎡&,89.25㎡/72.49㎡&,102.47㎡/84.97㎡&,152.06㎡/129.91㎡&","면적61A㎡&,면적63B㎡&,면적67㎡&,면적89A㎡&,면적89C㎡&,면적89B㎡&,면적101㎡&,면적133㎡&,면적150㎡&",1000000015
중계동,노원구,서울특별시,KBA002096,경남,660,1890,"경남,롯데,상아",230,"59.5㎡/50.97㎡&,89.25㎡/74.2㎡&,102.47㎡/84.97㎡&,132.23㎡/114.57㎡&","면적61A㎡&,면적63B㎡&,면적67㎡&,면적89A㎡&,면적89C㎡&,면적89B㎡&,면적101㎡&,면적133㎡&,면적150㎡&",1000000015
중계동,노원구,서울특별시,KBA005152,상아,660,1890,"경남,롯데,상아",230,"62.81㎡/51.29㎡&,89.25㎡/72.73㎡&,102.47㎡/84.97㎡&,132.23㎡/114.57㎡&","면적61A㎡&,면적63B㎡&,면적67㎡&,면적89A㎡&,면적89C㎡&,면적89B㎡&,면적101㎡&,면적133㎡&,면적150㎡&",1000000015
중계동,노원구,서울특별시,KBA006729,신동아중계동,320,960,"라이프,청구,신동아",234,"122.31㎡/101.94㎡&,138.84㎡/115.35㎡&","면적122A㎡&,면적123B㎡&,면적137㎡&",1000000015
중계동,노원구,서울특별시,KBA009586,청구중계동,320,960,"라이프,청구,신동아",234,"122.31㎡/101.99㎡&,138.84㎡/115.47㎡&","면적122A㎡&,면적123B㎡&,면적137㎡&",1000000015
하계동,노원구,서울특별시,KBA003158,벽산,630,1980,극동.건영.벽산,255,"69.42㎡/57.71㎡&,85.95㎡/70.56㎡&,102.47㎡/84.85㎡&","면적55㎡&,면적63㎡&,면적67㎡&,면적69㎡&,면적79㎡&,면적84A㎡&,면적84B㎡&,면적89㎡&,면적100㎡&,면적100㎡&",1000000015
하계동,노원구,서울특별시,KBA006388,극동,630,1980,극동.건영.벽산,255,"85.95㎡/70.56㎡&,102.47㎡/84.91㎡&,69.42㎡/55.72㎡&","면적55㎡&,면적63㎡&,면적67㎡&,면적69㎡&,면적79㎡&,면적84A㎡&,면적84B㎡&,면적89㎡&,면적100㎡&,면적100㎡&",1000000015
하계동,노원구,서울특별시,KBA011279,건영,720,1980,극동.건영.벽산,255,"56.19㎡/45.55㎡&,64.46㎡/53.14㎡&,79.33㎡/65.43㎡&,89.25㎡/74.58㎡&,102.47㎡/84.93㎡&","면적55㎡&,면적63㎡&,면적67㎡&,면적69㎡&,면적79㎡&,면적84A㎡&,면적84B㎡&,면적89㎡&,면적100㎡&,면적100㎡&",1000000015
하계동,노원구,서울특별시,KBA003954,현대(1차),720,1320,"현대,우성",261,"85.95A㎡/71.68㎡&,101.83B㎡/84.95㎡&,103.25A㎡/84.96㎡&,85.95B㎡/72.2㎡&","면적87㎡&,면적87A㎡&,면적87B㎡&,면적101A㎡&,면적102B㎡&,면적103C㎡&,면적146㎡&",1000000015
하계동,노원구,서울특별시,KBA008376,우성,600,1320,"현대,우성",261,"102.47㎡/84.91㎡&,145.45㎡/127.22㎡&","면적87㎡&,면적87A㎡&,면적87B㎡&,면적101A㎡&,면적102B㎡&,면적103C㎡&,면적146㎡&",1000000015
하계동,노원구,서울특별시,KBA008686,하계1차청구,740,700,하계1차청구,3257,106.17㎡/84.6㎡&,면적106㎡&,1000000001
도봉동,도봉구,서울특별시,KBA012985,양우내안애,150,147,양우내안애,13340,106.85㎡/84.96㎡&,면적106㎡&,1000000001
방학동,도봉구,서울특별시,KBA005627,"한화,성원",342,336,"한화,성원",282,"84.58㎡/59.88㎡&,102.99㎡/84.98㎡&","면적84㎡&,면적102㎡&",1000000001
쌍문동,도봉구,서울특별시,KBA000141,한양(2차),735,1635,"한양2,3,4차",301,"66.11㎡/48.96㎡&,79.33㎡/59.67㎡&,92.56㎡/76.92㎡&,102.47㎡/84.9㎡&","면적38㎡&,면적46㎡&,면적64㎡&,면적77A㎡&,면적78B㎡&,면적93B㎡&,면적93A㎡&,면적102A㎡&,면적102B㎡&",1000000015
쌍문동,도봉구,서울특별시,KBA001506,한양(3차),240,1635,"한양2,3,4차",301,"79.33㎡/59.67㎡&,92.56㎡/76.92㎡&,102.47㎡/84.9㎡&","면적38㎡&,면적46㎡&,면적64㎡&,면적77A㎡&,면적78B㎡&,면적93B㎡&,면적93A㎡&,면적102A㎡&,면적102B㎡&",1000000015
쌍문동,도봉구,서울특별시,KBA006549,한양(4차),660,1635,"한양2,3,4차",301,"36.36㎡/28.71㎡&,46.28㎡/35.1㎡&","면적38㎡&,면적46㎡&,면적64㎡&,면적77A㎡&,면적78B㎡&,면적93B㎡&,면적93A㎡&,면적102A㎡&,면적102B㎡&",1000000015
답십리동,동대문구,서울특별시,KBA002232,답십리대우,427,319,답십리대우,3269,"89.12㎡/59.76㎡&,108.45㎡/84.99㎡&,141.8㎡/114.94㎡&","면적89㎡&,면적108㎡&,면적141㎡&",1000000001
답십리동,동대문구,서울특별시,KBA002537,동아,1233,741,동아,3270,"89.86㎡/59.88㎡&,108.68㎡/84.72㎡&,127.99㎡/101.94㎡&,141.94㎡/114.84㎡&","면적89㎡&,면적108㎡&,면적127㎡&,면적141㎡&",1000000001
답십리동,동대문구,서울특별시,KBA008589,두산,1049,739,두산,3271,"79.16㎡/59.95㎡&,85.11㎡/59.96㎡&,108.69㎡/84.83㎡&,141.33㎡/114.97㎡&","면적79㎡&,면적85㎡&,면적108㎡&,면적141㎡&",1000000001
용두동,동대문구,서울특별시,KBA019773,래미안허브리츠,1054,844,래미안허브리츠,26192,"79.18㎡/59.96㎡&,112.33A㎡/84.97㎡&,111.82B㎡/84.96㎡&,150.53A㎡/114.98㎡&,150.19B㎡/114.96㎡&","면적79C㎡&,면적79A㎡&,면적80B㎡&,면적111B㎡&,면적112A㎡&,면적150B㎡&,면적150A㎡&",1000000001
이문동,동대문구,서울특별시,KBA001541,현대,789,601,현대,1125,"141.19㎡/114.6㎡&,86.1㎡/59.92㎡&,107.94㎡/84.56㎡&","면적86㎡&,면적107N㎡&,면적108S㎡&,면적141㎡&",1000000001
이문동,동대문구,서울특별시,KBA001157,쌍용,1563,1318,쌍용,3275,"81.19㎡/59.99㎡&,108.76㎡/84.89㎡&,140.7㎡/114.35㎡&","면적81㎡&,면적108A㎡&,면적108B㎡&,면적140㎡&",1000000001
이문동,동대문구,서울특별시,KBA011628,이문e-편한세상,1561,1378,이문e-편한세상,8199,"85.31㎡/59.95㎡&,107.25㎡/79.35㎡&,114.69㎡/84.97㎡&,147.2㎡/114.93㎡&,166.9㎡/132.46㎡&","면적85㎡&,면적107㎡&,면적114㎡&,면적147㎡&,면적166㎡&",1000000001
이문동,동대문구,서울특별시,KBA011403,중앙하이츠빌,372,302,중앙하이츠빌,9538,"81.22㎡/59.4㎡&,108.76㎡/84.81㎡&,141.74㎡/114.84㎡&","면적81㎡&,면적108㎡&,면적141㎡&",1000000001
장안동,동대문구,서울특별시,KBA016754,형인허브빌,79,42,형인허브빌,104442,"106.54B㎡/84.94㎡&,106.2C㎡/83.65㎡&,104.8A㎡/84.19㎡&","면적77㎡&,면적91㎡&,면적101㎡&,면적113㎡&",1000000001
장안동,동대문구,서울특별시,KBA017228,정은스카이빌(201동),87,89,정은스카이빌(201동),24192,"98.92㎡/84.6㎡&,143.68㎡/105.9㎡&","면적63㎡&,면적87㎡&,면적98A㎡&,면적98B㎡&,면적98C㎡&,면적132㎡&,면적143㎡&",1000000001
전농동,동대문구,서울특별시,KBA007465,동아,580,360,동아,1126,"80.7㎡/57.9㎡&,91.46㎡/70.03㎡&,105.74㎡/83.01㎡&,143.82㎡/114.81㎡&","면적80㎡&,면적91㎡&,면적105㎡&,면적143㎡&",1000000001
전농동,동대문구,서울특별시,KBA009263,전농동삼성,602,463,전농삼성(전농삼성래미안),1254,"86.65㎡/59.93㎡&,109.32㎡/84.98㎡&,145.45㎡/114.89㎡&","면적86㎡&,면적109㎡&,면적145㎡&",1000000012
전농동,동대문구,서울특별시,KBA020657,래미안아름숲,867,719,래미안아름숲,26918,"85.69A㎡/59.88㎡&,84.85B㎡/59.91㎡&,84.8C㎡/59.9㎡&,108.69㎡/84.7㎡&,110.36C㎡/84.92㎡&,111.4B㎡/84.91㎡&,111.92A㎡/84.92㎡&,145.14B㎡/114.92㎡&,144.3A㎡/114.9㎡&,109.55D㎡/84.96㎡&","면적84C㎡&,면적84B㎡&,면적85A㎡&,면적108A㎡&,면적109D㎡&,면적110C㎡&,면적111B㎡&,면적111A㎡&,면적144A㎡&,면적145B㎡&",1000000001
전농동,동대문구,서울특별시,KBA011001,전농SK,2678,1830,전농SK,3276,"80.32A㎡/59.34㎡&,109.64A㎡/84.95㎡&,141.81㎡/114.3㎡&,81.16B㎡/59.96㎡&,109.5B㎡/84.84㎡&","면적80A㎡&,면적81B㎡&,면적109B㎡&,면적109A㎡&,면적141㎡&",1000000001
제기동,동대문구,서울특별시,KBA010030,한신,1330,1070,한신,3277,"83.82㎡/59.84㎡&,108.07㎡/84.76㎡&,141.84㎡/114.88㎡&","면적83㎡&,면적108㎡&,면적141㎡&",1000000001
청량리동,동대문구,서울특별시,KBA000363,한신,1570,960,한신,1128,"85.38㎡/59.97㎡&,107.52㎡/84.92㎡&,140.57㎡/114.95㎡&","면적85㎡&,면적107㎡&,면적140㎡&",1000000001
청량리동,동대문구,서울특별시,KBA001001,홍릉동부,521,371,홍릉동부,3378,"82.23㎡/59.7㎡&,109.73㎡/84.92㎡&,144.54㎡/114.91㎡&","면적82A㎡&,면적82C㎡&,면적109㎡&,면적109E㎡&,면적109S㎡&,면적109C1㎡&,면적144㎡&",1000000001
노량진동,동작구,서울특별시,KBA005856,신동아리버파크,2621,1696,신동아리버파크,3280,"85.02㎡/59.67㎡&,109.8㎡/84.88㎡&,144.08㎡/114.75㎡&","면적85㎡&,면적109㎡&,면적144㎡&",1000000001
본동,동작구,서울특별시,KBA011652,한신휴플러스,381,247,한신휴플러스,12010,"71.69A㎡/59.9㎡&,71.47B㎡/59.72㎡&,101.53㎡/84.84㎡&,137.52㎡/114.91㎡&","면적71B㎡&,면적71A㎡&,면적101㎡&,면적137㎡&",1000000001
본동,동작구,서울특별시,KBA007193,극동(강변),126,123,극동(강변),370,99.72㎡/84.73㎡&,면적99㎡&,1000000001
사당동,동작구,서울특별시,KBA003240,신동아(5차),224,223,신동아5차,3283,"82.98㎡/59.67㎡&,109.29㎡/84.66㎡&,109.29㎡/84.65㎡&,144.79㎡/114.68㎡&","면적82㎡&,면적109A㎡&,면적109B㎡&,면적144㎡&",1000000002
상도동,동작구,서울특별시,KBA006096,상도동삼성래미안1차,681,517,상도래미안1차,3383,"84.65㎡/59.82㎡&,92.79㎡/59.82㎡&,113.26㎡/84.95㎡&,113.93㎡/84.95㎡&,146.79㎡/114.17㎡&","면적84㎡&,면적92A㎡&,면적113B㎡&,면적113C㎡&,면적120㎡&,면적146㎡&",1000000012
상도동,동작구,서울특별시,KBA011643,쌍용스윗닷홈,454,389,쌍용스윗닷홈,8872,"80.33㎡/59.57㎡&,105.62A㎡/84.95㎡&,105.69B㎡/84.91㎡&,141.61㎡/112.75㎡&","면적80㎡&,면적105B㎡&,면적105A㎡&,면적141㎡&",1000000001
공덕동,마포구,서울특별시,KBA002155,공덕삼성(1차),869,651,공덕삼성,403,"85.62㎡/59.74㎡&,112.65㎡/84.94㎡&,142.76㎡/114.88㎡&","면적85㎡&,면적112㎡&,면적142㎡&",1000000012
도화동,마포구,서울특별시,KBA010612,현대홈타운(2차),1707,914,현대홈타운,841,"79.7㎡/59.17㎡&,107.98㎡/84.95㎡&,139.06㎡/113.25㎡&","면적79㎡&,면적107㎡&,면적139㎡&",1000000012
상암동,마포구,서울특별시,KBA022779,상암월드컵파크9단지,1034,1036,상암월드컵파크9단지,101608,"114.12A㎡/84.89㎡&,116.43C㎡/84.98㎡&,114.84BD㎡/84.94㎡&","면적113B㎡&,면적114A㎡&,면적114D㎡&,면적116C㎡&",1000000001
상암동,마포구,서울특별시,KBA022780,상암월드컵파크12단지,214,380,상암월드컵파크12단지,101611,"81.23㎡/59.73㎡&,113.47A㎡/84.89㎡&,113.25B㎡/84.66㎡&,151.84A㎡/114.26㎡&,153.2B㎡/114.53㎡&,152.98C㎡/114.72㎡&","면적81A㎡&,면적113B㎡&,면적113A㎡&,면적151A㎡&,면적152C㎡&,면적153B㎡&",1000000001
성산동,마포구,서울특별시,KBA006831,성산시영(유원),1260,3710,성산시영,410,82.64㎡/59.43㎡&,"면적66㎡&,면적71㎡&,면적77㎡&",1000000015
성산동,마포구,서울특별시,KBA007058,성산시영(대우),1330,3710,성산시영,410,72.72㎡/50.03㎡&,"면적66㎡&,면적71㎡&,면적77㎡&",1000000015
성산동,마포구,서울특별시,KBA009621,성산시영(선경),1120,3710,성산시영,410,72.72㎡/50.54㎡&,"면적66㎡&,면적71㎡&,면적77㎡&",1000000015
신공덕동,마포구,서울특별시,KBA002907,신공덕1차삼성래미안,1210,833,신공덕삼성래미안1차,2992,"81.91㎡/59.76㎡&,109.25㎡/84.9㎡&,142.24㎡/114.75㎡&","면적81㎡&,면적109㎡&,면적142㎡&",1000000004
신공덕동,마포구,서울특별시,KBA002097,신공덕2차삼성래미안,561,458,신공덕삼성래미안2차,2993,"78.01㎡/59.48㎡&,108.51㎡/84.73㎡&,142.74㎡/114.5㎡&","면적78㎡&,면적108㎡&,면적142㎡&",1000000005
신수동,마포구,서울특별시,KBA024853,하나테크노빌,52,51,하나테크노빌,22046,"43㎡/31.25㎡&,43.8㎡/31.83㎡&,53.26㎡/38.7㎡&","면적43A㎡&,면적43B㎡&,면적53㎡&",1000000001
신수동,마포구,서울특별시,KBA011668,세양청마루,195,192,세양청마루,5618,"79.23㎡/57.44㎡&,105.08㎡/82.86㎡&,140.86㎡/111.88㎡&","면적79㎡&,면적105㎡&,면적140㎡&",1000000001
염리동,마포구,서울특별시,KBA002807,염리삼성래미안,683,574,염리삼성래미안,3299,"141.8㎡/114.48㎡&,81.16C㎡/59.52㎡&,81.06㎡/59.76㎡&,109㎡/84.96㎡&,81.16AB㎡/59.85㎡&","면적81㎡&,면적81B㎡&,면적81C㎡&,면적81A㎡&,면적109㎡&,면적141㎡&",1000000001
염리동,마포구,서울특별시,KBA008178,중앙하이츠,178,114,중앙하이츠,3300,"81.4㎡/60㎡&,113.71㎡/83.83㎡&","면적81㎡&,면적113㎡&",1000000001
남가좌동,서대문구,서울특별시,KBA027517,DMC파크뷰자이(2단지),962,1432,DMC파크뷰자이2단지,108066,"87.57㎡/59.97㎡&,110.3㎡/84.96㎡&","면적87㎡&,면적110A㎡&,면적110B㎡&,면적110E㎡&",1000000002
남가좌동,서대문구,서울특별시,KBA006412,남가좌삼성(1차),1472,1114,남가좌삼성1차,3479,"82.52㎡/59.97㎡&,84.14㎡/59.59㎡&,110㎡/84.9㎡&,145.14㎡/114.88㎡&","면적82C㎡&,면적84A㎡&,면적84B㎡&,면적110B㎡&,면적112A㎡&,면적145A㎡&,면적145B㎡&",1000000002
남가좌동,서대문구,서울특별시,KBA009356,남가좌동현대,1485,1155,남가좌현대,848,"94.62㎡/73.65㎡&,108.91㎡/84.78㎡&,141.01㎡/114.9㎡&,86.34㎡/59.4㎡&","면적84A㎡&,면적86B㎡&,면적94㎡&,면적108A㎡&,면적109B㎡&,면적141㎡&",1000000009
냉천동,서대문구,서울특별시,KBA019136,돈의문센트레빌,681,561,돈의문센트레빌,26046,"80.49㎡/59.98㎡&,108.37㎡/84.99㎡&,138.64㎡/114.98㎡&","면적80㎡&,면적107A㎡&,면적108B㎡&,면적137A㎡&,면적138B㎡&",1000000001
냉천동,서대문구,서울특별시,KBA007960,동부센트레빌,313,237,동부센트레빌,3392,"86.65㎡/59.86㎡&,111.76㎡/84.93㎡&,143.3㎡/114.92㎡&","면적86㎡&,면적111㎡&,면적143㎡&",1000000001
미근동,서대문구,서울특별시,KBA004981,서소문.,144,108,서소문,3482,42.64㎡/42.64㎡&,"면적36㎡&,면적42㎡&,면적48㎡&,면적51㎡&,면적52㎡&,면적56㎡&",1000000003
북가좌동,서대문구,서울특별시,KBA009026,북가좌삼호,889,616,북가좌삼호,425,"93.76㎡/75.75㎡&,103.25㎡/84.57㎡&,134.78㎡/114.03㎡&","면적93㎡&,면적103㎡&,면적134㎡&",1000000001
연희동,서대문구,서울특별시,KBA005683,홍연(1~12동).,434,191,홍연(1~12),852,"62.91㎡/52.23㎡&,79.33㎡/62.9㎡&,49.19㎡/40.33㎡&,94.21㎡/70.74㎡&,71.47㎡/54.35㎡&","면적49㎡&,면적60㎡&,면적61A㎡&,면적62B㎡&,면적71㎡&,면적94㎡&,면적97㎡&",1000000013
홍은동,서대문구,서울특별시,KBA004087,삼성빌라.,144,150,삼성,16076,"62.01㎡/62.01㎡&,74.64㎡/74.64㎡&,84.51㎡/84.51㎡&,95.13㎡/95.13㎡&","면적62㎡&,면적74㎡&,면적84㎡&,면적95㎡&",1000000012
홍은동,서대문구,서울특별시,KBA000161,홍은벽산,1509,1329,홍은벽산,432,"78.34㎡/58.64㎡&,102.5㎡/84.78㎡&,134.86㎡/114.96㎡&,164.95㎡/142.98㎡&","면적78㎡&,면적102N㎡&,면적102S㎡&,면적134㎡&,면적164㎡&",1000000001
홍제동,서대문구,서울특별시,KBA009820,문화촌현대,767,768,문화촌현대,1159,"85.94㎡/59.94㎡&,109.88㎡/84.99㎡&","면적85㎡&,면적109㎡&",1000000001
홍제동,서대문구,서울특별시,KBA005503,인왕.,132,127,인왕,1164,"58.21㎡/58.21㎡&,70.68㎡/70.68㎡&","면적56A㎡&,면적56B㎡&,면적58A㎡&,면적58B㎡&,면적70㎡&",1000000003
홍제동,서대문구,서울특별시,KBA026636,서울맨션,85,83,서울맨션,12779,"45.32㎡/45.32㎡&,49.78㎡/49.78㎡&,51.23㎡/51.07㎡&,54.94㎡/53.05㎡&","면적41㎡&,면적44A㎡&,면적45B㎡&,면적45C㎡&,면적47D㎡&,면적47A㎡&,면적48B㎡&,면적48C㎡&,면적49D㎡&,면적49E㎡&,면적50F㎡&,면적50G㎡&,면적51H㎡&,면적51I㎡&,면적51B㎡&,면적53A㎡&,면적54A㎡&,면적55B㎡&,면적59㎡&,면적63㎡&,면적65㎡&,면적70㎡&,면적76㎡&",1000000001
홍제동,서대문구,서울특별시,KBA000192,홍제원현대(3지구),1421,939,홍제원현대(홍제힐스테이트),26841,"82.56㎡/59.93㎡&,107.42㎡/84.9㎡&,140.34㎡/114.72㎡&","면적82㎡&,면적107㎡&,면적140㎡&",1000000012
홍제동,서대문구,서울특별시,KBA008489,인왕궁.,107,113,인왕궁,3500,"56.33㎡/54.02㎡&,62.81㎡/62.81㎡&,73.32㎡/71.4㎡&","면적56A㎡&,면적56B㎡&,면적62㎡&,면적73㎡&,면적81B㎡&,면적82A㎡&",1000000003
홍제동,서대문구,서울특별시,KBA006371,인왕산현대,946,700,인왕산현대(인왕산힐스테이트),945,"83.36㎡/59.93㎡&,107.55㎡/84.9㎡&,140.6㎡/114.72㎡&","면적83㎡&,면적107㎡&,면적140㎡&",1000000012
반포동,서초구,서울특별시,KBA002835,신반포(한신23차),200,40,한신,11042,62.8㎡/57.83㎡&,"면적106㎡&,면적118㎡&,면적124㎡&,면적133㎡&,면적171㎡&",1000000015
반포동,서초구,서울특별시,KBA003620,신반포(한신3차),1140,40,한신,11042,"107.48㎡/99.45㎡&,117.67㎡/108.89㎡&,131.18㎡/120.99㎡&,145.74㎡/132.94㎡&,164.69㎡/150.44㎡&","면적106㎡&,면적118㎡&,면적124㎡&,면적133㎡&,면적171㎡&",1000000015
방배동,서초구,서울특별시,KBA011706,방배대우디오빌,416,412,방배대우디오빌,19698,"38.67㎡/28.84㎡&,39.69㎡/29.6㎡&,50.51㎡/37.67㎡&","면적38A㎡&,면적39B㎡&,면적49C㎡&,면적50D㎡&",1000000001
방배동,서초구,서울특별시,KBA002997,방배대우(대우사원),104,95,방배대우(562-1),3103,111.83㎡/84.55㎡&,"면적111A㎡&,면적111B㎡&,면적111C㎡&,면적112D㎡&,면적112E㎡&",1000000012
방배동,서초구,서울특별시,KBA005784,방배삼호(신삼호),529,481,삼호4차,470,"113.05㎡/105.4㎡&,180.22㎡/164.97㎡&,202.95㎡/185.46㎡&","면적113㎡&,면적180㎡&,면적202㎡&",1000000014
방배동,서초구,서울특별시,KBA009776,삼호(1차),420,419,삼호1차,947,"80.85㎡/80.33㎡&,117.15㎡/116.13㎡&","면적80B㎡&,면적80A㎡&,면적82A㎡&,면적82B㎡&,면적117㎡&,면적164㎡&",1000000002
서초동,서초구,서울특별시,KBA011712,서초이오빌,462,461,서초이오빌,12234,"48.96㎡/36.66㎡&,57.68㎡/43.2㎡&,61.38㎡/45.96㎡&,67.79㎡/50.77㎡&,77.76㎡/58.48㎡&","면적48N㎡&,면적48S㎡&,면적57㎡&,면적61E㎡&,면적61W㎡&,면적67㎡&,면적77㎡&",1000000001
서초동,서초구,서울특별시,KBA000249,서초한신리빙타워,104,103,서초한신리빙타워,3518,"56.21㎡/42.56㎡&,63.24㎡/47.87㎡&,112.11㎡/84.86㎡&,166.85㎡/126.29㎡&","면적56㎡&,면적63㎡&,면적112㎡&,면적166㎡&",1000000001
서초동,서초구,서울특별시,KBA008320,현대,413,412,현대,840,"91.52㎡/62.05㎡&,92.42㎡/74.12㎡&,109.27㎡/84.33㎡&","면적91A㎡&,면적92B㎡&,면적102S㎡&,면적103R㎡&,면적103L㎡&,면적103㎡&,면적109㎡&",1000000001
서초동,서초구,서울특별시,KBA002494,서초동삼성쉐르빌II,366,365,삼성쉐르빌II,9615,"50.63㎡/35.22㎡&,73.48㎡/52.83㎡&,101.38㎡/70.49㎡&","면적50㎡&,면적69㎡&,면적73㎡&,면적75㎡&,면적101㎡&",1000000013
양재동,서초구,서울특별시,KBA006410,우성,944,794,양재우성,504,"89.42㎡/73.15㎡&,101.38㎡/84.88㎡&,102.54㎡/84.69㎡&","면적89㎡&,면적100㎡&,면적101S㎡&,면적101N㎡&",1000000010
잠원동,서초구,서울특별시,KBA003984,신반포(한신18차),308,182,신반포18차(337동),523,"55.63㎡/50.64㎡&,122.74㎡/111.75㎡&","면적55㎡&,면적122㎡&",1000000012
잠원동,서초구,서울특별시,KBA008732,반포한신타워,250,248,반포한신타워,540,"83.77㎡/59.4㎡&,97.14㎡/68.09㎡&,106.91B㎡/84.93㎡&,121.76㎡/96.72㎡&,131.05㎡/104.1㎡&,159.44㎡/131.88㎡&","면적83㎡&,면적84㎡&,면적94㎡&,면적97㎡&,면적106A㎡&,면적106B㎡&,면적115㎡&,면적121㎡&,면적131㎡&,면적158A㎡&,면적159B㎡&,면적159C㎡&,면적159D㎡&",1000000001
금호동,성동구,서울특별시,KBA023832,금호자이1차,497,401,금호자이1차,100340,"83.96㎡/59.99㎡&,111.6㎡/84.97㎡&,140.01㎡/117.18㎡&","면적83A㎡&,면적84B㎡&,면적111A㎡&,면적111B㎡&,면적140㎡&",1000000001
금호동,성동구,서울특별시,KBA006500,벽산,2921,1707,벽산,1286,"78.09㎡/59.9㎡&,86.44㎡/59.9㎡&,108.59㎡/84.82㎡&,110.58㎡/84.82㎡&,141.41㎡/114.57㎡&","면적78㎡&,면적86㎡&,면적108A㎡&,면적110B㎡&,면적141㎡&",1000000001
금호동,성동구,서울특별시,KBA020601,래미안하이리버,1057,847,래미안하이리버,27575,"85.02㎡/59.99㎡&,110.73㎡/84.98㎡&,149.92㎡/114.32㎡&","면적84C㎡&,면적85A㎡&,면적85B㎡&,면적108C㎡&,면적110B㎡&,면적110D㎡&,면적110A㎡&,면적149㎡&",1000000001
금호동,성동구,서울특별시,KBA009677,금호동대우,1689,1181,금호대우,2975,"79.74㎡/59.97㎡&,109.27㎡/84.71㎡&,112.97㎡/84.96㎡&,145.72㎡/114.71㎡&","면적79A㎡&,면적79B㎡&,면적79C㎡&,면적109㎡&,면적112㎡&,면적145A㎡&,면적145B㎡&,면적145C㎡&",1000000009
성수동,성동구,서울특별시,KBA010535,장미.,155,173,장미,558,"58.71㎡/49.23㎡&,64.23㎡/53.87㎡&,81.8㎡/68.66㎡&","면적58㎡&,면적64㎡&,면적65㎡&,면적79㎡&,면적81㎡&",1000000003
옥수동,성동구,서울특별시,KBA024787,래미안옥수리버젠,1821,1511,래미안옥수리버젠,100692,"148.38㎡/113.52㎡&,149.13㎡/113.74㎡&,174.62㎡/134.13㎡&,79.61㎡/59.25㎡&,111.2㎡/84.73㎡&","면적79B㎡&,면적79C㎡&,면적80D㎡&,면적80A㎡&,면적110C㎡&,면적111B㎡&,면적111A㎡&,면적148A㎡&,면적149B㎡&,면적174㎡&",1000000001
옥수동,성동구,서울특별시,KBA009577,옥수삼성,1444,1114,옥수삼성,1179,"85.69㎡/59.7㎡&,106.94㎡/84.82㎡&,144.57㎡/114.66㎡&","면적85㎡&,면적106㎡&,면적144㎡&",1000000001
용답동,성동구,서울특별시,KBA019448,YM프라젠,83,88,와이엠프라젠,26171,"79.82㎡/59.94㎡&,105.88㎡/84.95㎡&","면적60㎡&,면적79㎡&,면적105㎡&",1000000012
하왕십리동,성동구,서울특별시,KBA006952,금호베스트빌,732,458,금호베스트빌,3532,"87.07㎡/59.79㎡&,110.16㎡/84.97㎡&,144.36㎡/114.73㎡&,150.03㎡/114.93㎡&","면적87㎡&,면적110㎡&,면적144㎡&,면적150㎡&",1000000001
행당동,성동구,서울특별시,KBA007545,행당한신,1569,1410,행당한신,2977,"81.27A㎡/59.91㎡&,108.56㎡/84.95㎡&,142.42㎡/114.97㎡&,80.99B㎡/59.94㎡&","면적80B㎡&,면적81A㎡&,면적108㎡&,면적142㎡&",1000000001
행당동,성동구,서울특별시,KBA010704,행당한진타운,2851,2123,행당한진타운,878,"108.47㎡/84.71㎡&,144.37㎡/114.62㎡&,86.96㎡/59.96㎡&","면적86㎡&,면적108㎡&,면적144㎡&",1000000001
행당동,성동구,서울특별시,KBA008758,대림,2399,3404,행당대림,950,"83.76㎡/59.96㎡&,104.58㎡/84.87㎡&,137.26㎡/114.94㎡&","면적83㎡&,면적104㎡&,면적137㎡&",1000000010
길음동,성북구,서울특별시,KBA019403,길음뉴타운9단지(래미안),1254,1012,길음뉴타운9단지래미안,26160,"79.92C㎡/59.98㎡&,109.87㎡/84.96㎡&,106.75B㎡/84.78㎡&,79.59B㎡/59.96㎡&,82.57A㎡/59.92㎡&,107.33A㎡/84.95㎡&,143.24A㎡/114.86㎡&,142.18B㎡/114.91㎡&,165.86㎡/134.99㎡&","면적79A㎡&,면적79B㎡&,면적82㎡&,면적106B㎡&,면적107A㎡&,면적109㎡&,면적142B㎡&,면적143A㎡&,면적165㎡&",1000000002
길음동,성북구,서울특별시,KBA019485,길음7구역두산위브,548,449,길음뉴타운7단지두산위브,26251,"84.67㎡/59.98㎡&,87.39㎡/59.99㎡&,112.14A㎡/84.99㎡&,112.03B㎡/84.96㎡&,146.39A㎡/114.99㎡&,145.96B㎡/114.99㎡&","면적84A㎡&,면적87B㎡&,면적112A㎡&,면적112B㎡&,면적145B㎡&,면적146A㎡&",1000000012
길음동,성북구,서울특별시,KBA005892,동부센트레빌,1677,1377,길음동부센트레빌,3421,"80.74㎡/59.99㎡&,111.12㎡/84.84㎡&,142.45㎡/114.91㎡&","면적80㎡&,면적111㎡&,면적142㎡&",1000000010
길음동,성북구,서울특별시,KBA011838,길음뉴타운(4단지),1881,1605,길음뉴타운4단지e편한세상,8083,"79.66A㎡/59.97㎡&,80.1B㎡/59.86㎡&,79.62C㎡/59.97㎡&,109.23㎡/84.63㎡&,125.82㎡/102.38㎡&,143.32㎡/114.88㎡&","면적79C㎡&,면적79A㎡&,면적80B㎡&,면적109㎡&,면적125㎡&,면적143㎡&",1000000013
돈암동,성북구,서울특별시,KBA000901,돈암삼성,2014,1278,돈암삼성,579,"79.57㎡/59.4㎡&,105㎡/84.59㎡&,137.23㎡/114.66㎡&","면적79㎡&,면적105㎡&,면적137㎡&",1000000001
돈암동,성북구,서울특별시,KBA010057,돈암풍림,769,460,돈암풍림,580,"75.88㎡/59.64㎡&,107.73㎡/84.68㎡&,145.55㎡/114.41㎡&","면적75㎡&,면적107㎡&,면적145㎡&",1000000001
돈암동,성북구,서울특별시,KBA007587,한신,1795,4509,"한신,한진",582,"89.25㎡/68.13㎡&,109.09㎡/84.87㎡&,145.45㎡/113.67㎡&,165.29㎡/132.96㎡&,185.12㎡/152.25㎡&","면적81㎡&,면적92㎡&,면적109㎡&,면적143㎡&,면적164㎡&,면적183㎡&",1000000015
상월곡동,성북구,서울특별시,KBA008118,동아에코빌,1531,1253,동아에코빌,3425,"87.96㎡/59.95㎡&,109.63㎡/84.97㎡&,142.1㎡/114.66㎡&","면적87A㎡&,면적87B㎡&,면적109A㎡&,면적109B㎡&,면적142A㎡&,면적142B㎡&",1000000001
석관동,성북구,서울특별시,KBA020869,래미안석관,660,580,석관래미안,25948,"79.71㎡/59.9㎡&,107.65㎡/84.84㎡&,136.98㎡/114.97㎡&","면적79A㎡&,면적79B㎡&,면적107A㎡&,면적107B㎡&,면적136㎡&",1000000010
안암동,성북구,서울특별시,KBA004122,안암,70,76,안암,11399,"56.19㎡/52.03㎡&,66.11㎡/62.51㎡&,76.03㎡/64.63㎡&","면적56㎡&,면적66㎡&,면적76㎡&",1000000001
안암동,성북구,서울특별시,KBA010505,대광.,346,357,대광,1184,"49.59㎡/42.61㎡&,66.12㎡/54.88㎡&,66.12㎡/56.96㎡&,66.12㎡/60.89㎡&","면적49A㎡&,면적49B㎡&,면적49C㎡&,면적49D㎡&,면적49E㎡&,면적49F㎡&,면적49G㎡&,면적49H㎡&,면적49I㎡&,면적49J㎡&,면적49K㎡&,면적49L㎡&,면적49M㎡&,면적49N㎡&,면적52A㎡&,면적56B㎡&,면적56C㎡&,면적66A㎡&,면적66㎡&,면적66B㎡&,면적66C㎡&,면적66D㎡&,면적66E㎡&,면적66F㎡&,면적66G㎡&,면적66H㎡&,면적69B㎡&",1000000003
정릉동,성북구,서울특별시,KBA011752,정릉풍림아이원,2305,1971,정릉풍림아이원,3426,"81.95A㎡/59.88㎡&,79.8B㎡/60㎡&,81.91C㎡/60㎡&,85.56㎡/59.88㎡&,102.47㎡/77.42㎡&,105.32A㎡/84.09㎡&,108.27B㎡/84.24㎡&,141.56㎡/114.75㎡&","면적79C㎡&,면적81B㎡&,면적81A㎡&,면적85A㎡&,면적105㎡&,면적108㎡&,면적108㎡&,면적139A㎡&,면적141B㎡&",1000000001
종암동,성북구,서울특별시,KBA001517,종암SK,1318,1317,종암SK,1191,"81.69A㎡/59.86㎡&,109.56㎡/84.72㎡&,143.76㎡/114.75㎡&,80.57B㎡/59.04㎡&","면적80B㎡&,면적81A㎡&,면적109㎡&,면적143㎡&",1000000001
종암동,성북구,서울특별시,KBA018772,래미안세레니티,1161,955,래미안세레니티,25827,"84.03A㎡/59.97㎡&,84.2B㎡/59.92㎡&,84.88C㎡/59.92㎡&,84.01D㎡/59.97㎡&,110.74A㎡/84.92㎡&,111.11B㎡/84.99㎡&,109.95C㎡/84.98㎡&,143.79㎡/114.99㎡&","면적84D㎡&,면적84A㎡&,면적84B㎡&,면적84C㎡&,면적109C㎡&,면적110A㎡&,면적111B㎡&,면적143㎡&",1000000001
종암동,성북구,서울특별시,KBA022107,래미안라센트,1025,837,래미안라센트,26834,"82.54㎡/59.98㎡&,108.06㎡/84.99㎡&,143.33㎡/114.98㎡&","면적81B㎡&,면적82A㎡&,면적107B㎡&,면적108A㎡&,면적142B㎡&,면적143A㎡&",1000000001
하월곡동,성북구,서울특별시,KBA014790,성북힐스테이트,309,285,성북힐스테이트,18699,"106.75A㎡/84.14㎡&,107.44B㎡/84.69㎡&,105.81C㎡/84.99㎡&,129.37㎡/101.97㎡&,132.31㎡/106.28㎡&,142.77㎡/114.68㎡&","면적105C㎡&,면적106A㎡&,면적107B㎡&,면적129㎡&,면적132㎡&,면적142㎡&",1000000001
하월곡동,성북구,서울특별시,KBA022076,길음서희스타힐스,197,198,길음서희스타힐스,26638,"88.24㎡/66.61㎡&,89.34㎡/67.44㎡&,112.48㎡/84.91㎡&","면적88A㎡&,면적89B㎡&,면적112B㎡&,면적112C㎡&,면적112D㎡&,면적112A㎡&,면적114E㎡&",1000000001
하월곡동,성북구,서울특별시,KBA011840,월곡두산위브,2655,2197,월곡두산위브,2990,"82.62㎡/59.85㎡&,109.94NS㎡/84.84㎡&,109.84A㎡/84.85㎡&,109.68B㎡/84.64㎡&,110.13C㎡/84.99㎡&,140.05㎡/114.75㎡&","면적82㎡&,면적109B㎡&,면적109A㎡&,면적109NS㎡&,면적110C㎡&,면적140㎡&",1000000001
가락동,송파구,서울특별시,KBA003961,가락우성(1차),838,839,가락우성1차,348,"62.51㎡/43.79㎡&,78.82㎡/58.46㎡&,128.41㎡/109.25㎡&,147.1㎡/127.75㎡&","면적62㎡&,면적78㎡&,면적128㎡&,면적147㎡&",1000000002
송파동,송파구,서울특별시,KBA010970,호수임광,231,227,호수임광,617,"68.82㎡/53.2㎡&,73.24㎡/56.6㎡&,77.34㎡/59.78㎡&,109.82㎡/84.87㎡&","면적68㎡&,면적73A㎡&,면적74B㎡&,면적74A㎡&,면적77B㎡&,면적95㎡&,면적109A㎡&,면적109B㎡&",1000000001
신천동,송파구,서울특별시,KBA004437,한신잠실코아,493,492,한신잠실코아,393,"42.97㎡/31.5㎡&,59.5㎡/41.99㎡&,72.72㎡/50.76㎡&,76.03㎡/52.51㎡&,85.95㎡/59.85㎡&,92.56㎡/64.08㎡&","면적42㎡&,면적59㎡&,면적72㎡&,면적76㎡&,면적85㎡&,면적92㎡&",1000000001
목동,양천구,서울특별시,KBA017561,웨스트빌,76,75,웨스트빌(101동),17552,"75.04㎡/59.26㎡&,86.25㎡/68.64㎡&,90.5㎡/72.12㎡&,98.2㎡/78.14㎡&,100.82㎡/80.21㎡&,102.81㎡/81.78㎡&","면적75㎡&,면적86㎡&,면적90㎡&,면적98A㎡&,면적100B㎡&,면적102㎡&",1000000012
목동,양천구,서울특별시,KBA008800,목동신시가지(1단지고층),1182,1882,목동신시가지1단지,652,"66.11A㎡/51.48㎡&,89.25㎡/65.34㎡&,115.72㎡/91.26㎡&,148.76㎡/116.29㎡&,191.73㎡/154.44㎡&,66.11B㎡/47.52㎡&,66.11C㎡/51.48㎡&,66.11D㎡/47.52㎡&","면적64B㎡&,면적64D㎡&,면적69A㎡&,면적69C㎡&,면적88B㎡&,면적88C㎡&,면적89A㎡&,면적101A㎡&,면적101B㎡&,면적112F㎡&,면적114G㎡&,면적115A㎡&,면적115C㎡&,면적116E㎡&,면적118B㎡&,면적120D㎡&,면적151A㎡&,면적154B㎡&,면적156C㎡&,면적190A㎡&,면적190B㎡&",1000000015
목동,양천구,서울특별시,KBA016088,목동신시가지(1단지저층),700,1882,목동신시가지1단지,652,"115.7㎡/98.08㎡&,148.76㎡/125.44㎡&,99.17㎡/83.24㎡&","면적64B㎡&,면적64D㎡&,면적69A㎡&,면적69C㎡&,면적88B㎡&,면적88C㎡&,면적89A㎡&,면적101A㎡&,면적101B㎡&,면적112F㎡&,면적114G㎡&,면적115A㎡&,면적115C㎡&,면적116E㎡&,면적118B㎡&,면적120D㎡&,면적151A㎡&,면적154B㎡&,면적156C㎡&,면적190A㎡&,면적190B㎡&",1000000015
목동,양천구,서울특별시,KBA001717,목동신시가지(6단지),1362,1368,목동신시가지6단지,658,"65.01㎡/47.94㎡&,88.32㎡/65.1㎡&,115.7㎡/95.3㎡&,150.06㎡/115.19㎡&,179.54㎡/142.39㎡&","면적65A1㎡&,면적65A2㎡&,면적65A3㎡&,면적65A4㎡&,면적88A1㎡&,면적88A2㎡&,면적88A3㎡&,면적115A1㎡&,면적115A2㎡&,면적148B㎡&,면적150A㎡&,면적179A㎡&,면적181B㎡&",1000000002
목동,양천구,서울특별시,KBA003044,목동신시가지(7단지고층),2070,2550,목동신시가지7단지,659,"66.11㎡/53.88㎡&,89.25㎡/66.6㎡&,115.7㎡/101.2㎡&,115.7B㎡/89.05㎡&","면적72㎡&,면적74㎡&,면적78㎡&,면적89A㎡&,면적89B㎡&,면적90C㎡&,면적106㎡&,면적121㎡&",1000000015
목동,양천구,서울특별시,KBA004752,목동신시가지(7단지저층),480,2550,목동신시가지7단지,659,"66.11㎡/59.39㎡&,89.25B㎡/74.12㎡&,89.25C㎡/64.4㎡&","면적72㎡&,면적74㎡&,면적78㎡&,면적89A㎡&,면적89B㎡&,면적90C㎡&,면적106㎡&,면적121㎡&",1000000015
목동,양천구,서울특별시,KBA004891,현대(조합),210,209,현대2차,887,"70.17㎡/57.84㎡&,72.1㎡/59.31㎡&,100.85㎡/83.16㎡&","면적70㎡&,면적72㎡&,면적100㎡&",1000000014
신월동,양천구,서울특별시,KBA022414,양천롯데캐슬,317,197,양천롯데캐슬1단지,102039,"81.79A㎡/59.88㎡&,79.86B㎡/59.72㎡&,96.44A㎡/70.91㎡&,96.17B㎡/70.61㎡&,112.21A㎡/84.63㎡&,111.89B㎡/84.41㎡&,115.24㎡/84.94㎡&","면적79B㎡&,면적81A㎡&,면적96B㎡&,면적96A㎡&,면적111B㎡&,면적112A㎡&,면적115㎡&",1000000012
신정동,양천구,서울특별시,KBA000152,목동신시가지(11단지고층),1515,1595,목동신시가지11단지,22959,"66.11㎡/51.48㎡&,89.25㎡/66.24㎡&","면적74A㎡&,면적75B㎡&,면적84㎡&,면적94A㎡&,면적96B㎡&",1000000015
신정동,양천구,서울특별시,KBA007036,목동신시가지(11저층),80,1595,목동신시가지11단지,22959,"66.11㎡/59.29㎡&,89.25C㎡/75.68㎡&","면적74A㎡&,면적75B㎡&,면적84㎡&,면적94A㎡&,면적96B㎡&",1000000015
신정동,양천구,서울특별시,KBA003168,신트리4단지,845,858,신트리4단지,3444,"67.83㎡/49.8㎡&,81.33㎡/59.73㎡&","면적66B㎡&,면적66C㎡&,면적66D㎡&,면적67E㎡&,면적67A㎡&,면적80B㎡&,면적81A㎡&",1000000001
신정동,양천구,서울특별시,KBA000730,목동신시가지(12단지저층),420,1860,목동신시가지12단지,666,"66.11A㎡/56.76㎡&,89.25A㎡/72.75㎡&,66.11B㎡/60㎡&,89.25B㎡/64.65㎡&","면적63㎡&,면적65㎡&,면적68A㎡&,면적70B㎡&,면적75㎡&,면적80㎡&,면적82㎡&,면적88C㎡&,면적88A㎡&,면적90B㎡&",1000000015
신정동,양천구,서울특별시,KBA009418,목동신시가지(12단지고층),1440,1860,목동신시가지12단지,666,"66.11㎡/53.46㎡&,89.25㎡/71.64㎡&,82.64㎡/66.78㎡&,62.81㎡/49.14㎡&","면적63㎡&,면적65㎡&,면적68A㎡&,면적70B㎡&,면적75㎡&,면적80㎡&,면적82㎡&,면적88C㎡&,면적88A㎡&,면적90B㎡&",1000000015
신정동,양천구,서울특별시,KBA009697,목동현대,2076,972,목동현대,675,"92.57㎡/71.16㎡&,107.49㎡/84.77㎡&,126.3㎡/101.91㎡&,140.96㎡/114.93㎡&","면적92㎡&,면적107㎡&,면적126㎡&,면적140㎡&",1000000001
문래동,영등포구,서울특별시,KBA016409,태영데시앙,68,67,문래태영데시앙,17268,109.09㎡/84.93㎡&,"면적112㎡&,면적121㎡&",1000000010
양평동,영등포구,서울특별시,KBA004589,상록수,106,176,상록수,3800,76.69㎡/59.54㎡&,"면적76A㎡&,면적76B㎡&,면적77C㎡&",1000000001
여의도동,영등포구,서울특별시,KBA000067,순복음(초원),154,153,초원(순복음),25355,89.26㎡/66.94㎡&,면적89㎡&,1000000012
여의도동,영등포구,서울특별시,KBA012419,대우트럼프월드(I),258,282,대우트럼프월드Ⅰ,3453,"128.68B㎡/107.1㎡&,214.98㎡/178.5㎡&,183.7㎡/152.62㎡&,231.55㎡/192.21㎡&,125.78A㎡/104.7㎡&,45.17㎡/33.71㎡&","면적45㎡&,면적52㎡&,면적114㎡&,면적120㎡&,면적125A㎡&,면적128B㎡&,면적183㎡&,면적214㎡&,면적231㎡&,면적296㎡&",1000000012
여의도동,영등포구,서울특별시,KBA001474,미성,564,577,미성,744,"98.64㎡/92.56㎡&,108.5㎡/101.29㎡&,123.7㎡/114.48㎡&,152.26㎡/140.83㎡&,176.03㎡/162.74㎡&","면적98㎡&,면적108㎡&,면적123㎡&,면적152㎡&,면적176㎡&",1000000001
여의도동,영등포구,서울특별시,KBA000216,삼부,866,873,삼부,745,"89.25㎡/70.74㎡&,92.56㎡/77.69㎡&,125.62㎡/106.38㎡&,144.56㎡/135.8㎡&,165.29㎡/146.68㎡&,198.34㎡/175.8㎡&","면적89㎡&,면적92㎡&,면적125㎡&,면적144㎡&,면적165㎡&,면적198㎡&",1000000001
여의도동,영등포구,서울특별시,KBA011408,시범,1584,1790,시범,749,"60.96㎡/60.96㎡&,79.24㎡/79.24㎡&,118.12㎡/118.12㎡&,156.99㎡/156.99㎡&","면적60㎡&,면적79㎡&,면적118㎡&,면적156㎡&",1000000001
도원동,용산구,서울특별시,KBA006013,도원동삼성래미안,1992,1458,도원삼성래미안,3459,"81.58㎡/59.94㎡&,108.51㎡/84.69㎡&,142.04㎡/114.99㎡&","면적81A㎡&,면적81B㎡&,면적108A㎡&,면적108B㎡&,면적142A㎡&,면적142B㎡&",1000000009
문배동,용산구,서울특별시,KBA027226,프라임팰리스(도),83,81,프라임팰리스(도시형),103226,"26.08㎡/13.69㎡&,40.76㎡/21.38㎡&","면적25A㎡&,면적26B㎡&,면적40A㎡&,면적40B㎡&",1000000013
산천동,용산구,서울특별시,KBA006306,리버힐삼성,1465,1102,리버힐삼성,3803,"75.06A㎡/59.55㎡&,107.12㎡/84.98㎡&,145.38㎡/114.48㎡&,75.61B㎡/59.98㎡&","면적75A㎡&,면적75B㎡&,면적107㎡&,면적145㎡&",1000000001
산천동,용산구,서울특별시,KBA011081,한강타운,285,289,한강타운,3804,80.58㎡/59.69㎡&,면적80㎡&,1000000001
서빙고동,용산구,서울특별시,KBA001015,그린파크,125,123,서빙고그린파크,13356,"85.42㎡/59.98㎡&,110.26㎡/84.99㎡&,119.01㎡/84.99㎡&,135.85㎡/104.7㎡&,146.82㎡/117.77㎡&","면적85㎡&,면적110㎡&,면적135㎡&,면적146㎡&",1000000010
용산동,용산구,서울특별시,KBA003545,한신.,96,95,한신,758,89.95㎡/81.7㎡&,"면적86A㎡&,면적86B㎡&,면적86C㎡&,면적86D㎡&,면적89㎡&,면적90㎡&",1000000003
이촌동,용산구,서울특별시,KBA010718,장미.,64,66,장미맨숀,11190,207.19㎡/196.7㎡&,"면적91㎡&,면적104B㎡&,면적104A㎡&,면적118㎡&,면적207㎡&",1000000014
이촌동,용산구,서울특별시,KBA005914,빌라맨션.,68,70,빌라(빌라맨션),11318,"174.48㎡/174.48㎡&,229.75㎡/229.75㎡&","면적20A㎡&,면적20B㎡&,면적174㎡&,면적229㎡&",1000000012
이촌동,용산구,서울특별시,KBA011202,이촌시범,228,190,시범,3808,"59.5㎡/59.5㎡&,69.42㎡/69.42㎡&,49.59㎡/49.59㎡&","면적49㎡&,면적59㎡&,면적69㎡&",1000000010
이촌동,용산구,서울특별시,KBA003144,중산(1차),266,228,중산1차시범,865,"49.59㎡/49.59㎡&,59.5㎡/59.5㎡&","면적39㎡&,면적49㎡&,면적59㎡&",1000000013
이촌동,용산구,서울특별시,KBA005411,타워.,62,60,타워맨션,866,"170.78㎡/168.53㎡&,221.33㎡/200.1㎡&","면적149㎡&,면적155㎡&,면적168A㎡&,면적168B㎡&,면적170㎡&,면적221㎡&,면적223㎡&",1000000014
한강로,용산구,서울특별시,KBA000202,삼각.,191,130,삼각,11802,"32.4㎡/32.4㎡&,35.37㎡/35.37㎡&,43.64㎡/43.64㎡&,48.93㎡/48.93㎡&,56.2㎡/56.1㎡&,70.74㎡/70.74㎡&,79.34㎡/79.34㎡&,85.95㎡/85.95㎡&,105.79㎡/105.6㎡&","면적32㎡&,면적35㎡&,면적43㎡&,면적48㎡&,면적56A㎡&,면적56B㎡&,면적70A㎡&,면적70B㎡&,면적79㎡&,면적85㎡&",1000000003
한강로,용산구,서울특별시,KBA011781,한강대우트럼프월드3,125,123,한강대우트럼프월드III,9891,"156.28㎡/126.19㎡&,177.83㎡/143.59㎡&,190.24㎡/153.61㎡&,197.87㎡/159.77㎡&,214.51㎡/173.21㎡&","면적156㎡&,면적177㎡&,면적190㎡&,면적197㎡&,면적214㎡&,면적319㎡&,면적325㎡&,면적329㎡&",1000000012
한남동,용산구,서울특별시,KBA005046,성아.,92,94,성아맨숀,3813,"43.07㎡/43.07㎡&,52.89㎡/51.24㎡&,82.61㎡/82.61㎡&,90.71㎡/90.71㎡&,101.62㎡/101.62㎡&,118.65㎡/118.65㎡&","면적28㎡&,면적38A㎡&,면적40B㎡&,면적41C㎡&,면적43A㎡&,면적43B㎡&,면적44A㎡&,면적45B㎡&,면적48㎡&,면적51A㎡&,면적52B㎡&,면적54A㎡&,면적56B㎡&,면적56C㎡&,면적57D㎡&,면적82㎡&,면적90㎡&,면적91A㎡&,면적92B㎡&,면적97A㎡&,면적98B㎡&,면적101㎡&,면적118㎡&",1000000014
효창동,용산구,서울특별시,KBA010922,효창맨션,60,61,효창맨션,3815,"66.72㎡/59.5㎡&,74.13㎡/66.12㎡&,81.67㎡/73.06㎡&","면적66A㎡&,면적66B㎡&,면적66D㎡&,면적66C㎡&,면적72A㎡&,면적74B㎡&,면적81㎡&,면적168㎡&",1000000001
갈현동,은평구,서울특별시,KBA006472,현재트윈빌(1차),52,110,현재트윈빌,10347,"138.84㎡/111.96㎡&,158.67㎡/127.49㎡&,185.12㎡/148.77㎡&,211.57㎡/170.1㎡&","면적131B㎡&,면적131C㎡&,면적132A㎡&,면적138A㎡&,면적138B㎡&,면적141A㎡&,면적142B㎡&,면적160㎡&,면적187㎡&,면적214㎡&",1000000015
갈현동,은평구,서울특별시,KBA011181,현재트윈빌(2차),58,110,현재트윈빌,10347,"128.92㎡/107.61㎡&,135.53㎡/113.02㎡&,138.84㎡/113.25㎡&,142.14㎡/116.32㎡&","면적131B㎡&,면적131C㎡&,면적132A㎡&,면적138A㎡&,면적138B㎡&,면적141A㎡&,면적142B㎡&,면적160㎡&,면적187㎡&,면적214㎡&",1000000015
갈현동,은평구,서울특별시,KBA007493,라이프시티.,125,123,라이프씨티,1228,"84.44㎡/64.63㎡&,99.72㎡/76.34㎡&,103.32㎡/79.11㎡&","면적84㎡&,면적99㎡&,면적103B㎡&,면적103A㎡&",1000000012
불광동,은평구,서울특별시,KBA019496,북한산현대힐스테이트3차,1332,1185,북한산현대힐스테이트3차,26191,"78.59㎡/59.96㎡&,79.4㎡/59.99㎡&,110.67㎡/84.96㎡&,149.28㎡/115.41㎡&,167.77㎡/129.46㎡&,79.39탑층㎡/59.99㎡&,112.39탑층㎡/84.96㎡&","면적78㎡&,면적79A㎡&,면적79A1㎡&,면적79B㎡&,면적110A1㎡&,면적110A㎡&,면적111C㎡&,면적111B㎡&,면적149A㎡&,면적149A1㎡&,면적167A㎡&,면적167A1㎡&",1000000001
불광동,은평구,서울특별시,KBA019630,북한산래미안,782,647,북한산래미안,26427,"79.32㎡/59.99㎡&,112.96㎡/84.99㎡&,150.28㎡/114.99㎡&","면적79A㎡&,면적79B㎡&,면적111㎡&,면적112A㎡&,면적112B㎡&,면적150A㎡&,면적151B㎡&",1000000001
불광동,은평구,서울특별시,KBA020331,북한산힐스테이트7차,1070,882,북한산힐스테이트7차,26897,"168.5㎡/141.97㎡&,140.46㎡/114.97㎡&,109.6㎡/84.94㎡&,80.63㎡/59.98㎡&","면적80B㎡&,면적80A㎡&,면적109A㎡&,면적109E㎡&,면적110B㎡&,면적110C㎡&,면적111D㎡&,면적140A㎡&,면적140B㎡&,면적168㎡&",1000000001
수색동,은평구,서울특별시,KBA009981,대림한숲타운,1440,976,대림한숲타운,3462,"83.5㎡/59.89㎡&,106.77㎡/84.95㎡&,139.65A㎡/114.18㎡&,139.45B㎡/114.69㎡&","면적83㎡&,면적106㎡&,면적139B㎡&,면적139A㎡&",1000000001
진관동,은평구,서울특별시,KBA020214,"상림마을(8단지 롯데캐슬A-1)",304,707,은평뉴타운상림1단지롯데캐슬,26287,"105.77㎡/84.79㎡&,136.25㎡/101.61㎡&,167.71㎡/134.26㎡&","면적105AN㎡&,면적105A㎡&,면적106J㎡&,면적132J㎡&,면적132A㎡&,면적136A㎡&,면적167F㎡&,면적168B㎡&,면적169복F㎡&,면적174A㎡&",1000000014
진관동,은평구,서울특별시,KBA020968,"상림마을(8단지 롯데캐슬A-2)",221,335,은평뉴타운상림2단지롯데캐슬,26288,"136.82㎡/101.61㎡&,167.43㎡/134.89㎡&,213.68㎡/167.69㎡&,76.07A㎡/59.28㎡&,106.25㎡/84.79㎡&","면적76A1㎡&,면적76A㎡&,면적96B㎡&,면적106B1㎡&,면적106A㎡&,면적106C㎡&,면적108B㎡&,면적113D㎡&,면적133C㎡&,면적133B㎡&,면적135A㎡&,면적136B㎡&,면적137A㎡&,면적139C㎡&,면적167A㎡&,면적171CA1㎡&,면적175CB㎡&,면적175A㎡&,면적212A2㎡&,면적213A㎡&,면적213A3㎡&,면적214A1㎡&,면적219A㎡&",1000000012
진관동,은평구,서울특별시,KBA020975,"상림마을(7단지 현대아이파크B-4)",164,241,은평뉴타운상림4단지아이파크,26290,"114.67㎡/84.79㎡&,140.11㎡/101.92㎡&,179.6㎡/134.91㎡&,224.55㎡/167.69㎡&","면적82㎡&,면적113NA㎡&,면적113NB㎡&,면적114A㎡&,면적114C㎡&,면적114E㎡&,면적114F㎡&,면적114NCD㎡&,면적114NCD2㎡&,면적115NCB㎡&,면적115NCC㎡&,면적129B㎡&,면적140AP㎡&,면적140BP㎡&,면적140CP㎡&,면적140D2P㎡&,면적140DP㎡&,면적140EP㎡&,면적140FP㎡&,면적150B㎡&,면적179A㎡&,면적179B㎡&,면적180NA㎡&,면적224A㎡&,면적224AP㎡&,면적224NCAP㎡&,면적228A㎡&",1000000014
진관동,은평구,서울특별시,KBA021958,"상림마을(6단지 푸르지오C-5)",215,318,은평뉴타운상림5단지푸르지오,26291,"75.6A㎡/59.8㎡&,105.99A㎡/84.79㎡&,132.88복층㎡/101.93㎡&,132.41A㎡/101.61㎡&,174.11A㎡/134.96㎡&,215.8A㎡/167.69㎡&","면적75CA㎡&,면적75CA1㎡&,면적105A㎡&,면적106B㎡&,면적108복CB㎡&,면적109복CA㎡&,면적115C㎡&,면적131복CC㎡&,면적132A㎡&,면적132복A㎡&,면적133복B㎡&,면적168CB㎡&,면적172CA㎡&,면적174A㎡&,면적175복A㎡&,면적212복A㎡&,면적214복A㎡&,면적214복CA㎡&,면적215A㎡&",1000000012
진관동,은평구,서울특별시,KBA021938,"상림마을(6단지 푸르지오C-6)",184,379,은평뉴타운상림6단지푸르지오,26292,"108.12A㎡/84.79㎡&,134.96A㎡/101.61㎡&,135.44AP㎡/101.93㎡&","면적108A㎡&,면적108J㎡&,면적134A㎡&,면적135복J㎡&,면적135복A㎡&,면적179복A㎡&",1000000012
진관동,은평구,서울특별시,KBA022040,"상림마을(6단지 푸르지오C-7)",289,378,은평뉴타운상림7단지푸르지오,26293,"107.09A㎡/84.79㎡&,137.26A1㎡/101.61㎡&,169.74D㎡/134.7㎡&","면적107A㎡&,면적107A㎡&,면적107J㎡&,면적109E㎡&,면적116K㎡&,면적130C㎡&,면적132D㎡&,면적132복K㎡&,면적133A㎡&,면적133복J㎡&,면적134복E㎡&,면적134복A㎡&,면적137A1㎡&,면적169D㎡&,면적174복D㎡&,면적177복A1㎡&,면적177복C㎡&,면적177복A㎡&,면적213복D㎡&",1000000012
진관동,은평구,서울특별시,KBA021941,"상림마을(6단지 푸르지오C-8)",108,208,은평뉴타운상림8단지푸르지오,26294,"106.89NA㎡/84.79㎡&,137.02A1㎡/101.61㎡&,169.43D㎡/134.7㎡&","면적106A㎡&,면적109E㎡&,면적129C㎡&,면적131D㎡&,면적133복E㎡&,면적133복A㎡&,면적137A1㎡&,면적169D㎡&,면적170E㎡&,면적173복D㎡&,면적176복A1㎡&,면적177복C㎡&,면적213복D㎡&,면적214복E㎡&",1000000012
진관동,은평구,서울특별시,KBA021939,"상림마을(7단지 현대아이파크B-10)",97,230,은평뉴타운상림10단지아이파크,26295,"108.79A㎡/84.79㎡&,140.3A㎡/101.61㎡&,179.18A㎡/134.96㎡&","면적108A㎡&,면적109J㎡&,면적110B㎡&,면적111C㎡&,면적111F㎡&,면적135복C㎡&,면적135복J㎡&,면적136복A㎡&,면적136복B㎡&,면적137복F㎡&,면적140A㎡&,면적173C㎡&,면적179A㎡&,면적179복A㎡&,면적219복A㎡&,면적221복C㎡&",1000000012
진관동,은평구,서울특별시,KBA022038,"상림마을(7단지 현대아이파크B-11)",90,187,은평뉴타운상림11단지아이파크,26296,"115.19㎡/84.95㎡&,136.14A㎡/101.61㎡&","면적106A㎡&,면적115K㎡&,면적131복K㎡&,면적133복A㎡&,면적136A1㎡&,면적175복A1㎡&",1000000012
진관동,은평구,서울특별시,KBA020970,"상림마을(8단지 롯데캐슬A-12)",371,551,은평뉴타운상림12단지롯데캐슬,26297,"108.52㎡/84.79㎡&,138.89A1㎡/101.61㎡&","면적108A㎡&,면적110A㎡&,면적110C㎡&,면적110E㎡&,면적135CP㎡&,면적135AP㎡&,면적135EP㎡&,면적138B㎡&,면적138A1㎡&,면적175BP㎡&,면적179AP㎡&",1000000012
진관동,은평구,서울특별시,KBA021957,은평뉴타운박석고개(1단지),606,947,은평뉴타운박석고개힐스테이트1단지,26869,"79.54㎡/59.85㎡&,133.24㎡/101.83㎡&,175.46㎡/134.84㎡&,111.23㎡/84.72㎡&","면적79D㎡&,면적79B㎡&,면적79A㎡&,면적79C㎡&,면적110B㎡&,면적110C㎡&,면적111A㎡&,면적133AA㎡&,면적134AB㎡&,면적175㎡&",1000000013
진관동,은평구,서울특별시,KBA021951,은평뉴타운박석고개(12단지),303,660,은평뉴타운박석고개힐스테이트12단지,26870,"79.91㎡/59.85㎡&,111.75㎡/84.72㎡&,176.29㎡/134.84㎡&","면적79㎡&,면적111B㎡&,면적111A㎡&,면적176㎡&",1000000012
진관동,은평구,서울특별시,KBA021776,은평뉴타운마고정2단지,241,434,은평뉴타운마고정2단지,26871,"128.67A2㎡/101.98㎡&,168.71㎡/134.96㎡&,209.28㎡/167.14㎡&,128.02A1㎡/101.81㎡&,107.17㎡/84.04㎡&,75.06㎡/59.36㎡&","면적75B㎡&,면적75A㎡&,면적75A1㎡&,면적105A㎡&,면적106D㎡&,면적107E1㎡&,면적107F㎡&,면적107복B㎡&,면적109복A㎡&,면적128A1㎡&,면적128A2㎡&,면적131복D㎡&,면적132복A㎡&,면적168A1㎡&,면적172복E1㎡&,면적209㎡&,면적214복㎡&",1000000001
진관동,은평구,서울특별시,KBA021777,은평뉴타운마고정11단지,184,469,은평뉴타운마고정11단지,26879,"106.72A㎡/84.17㎡&,110.4㎡/84.35㎡&,168.86A㎡/134.96㎡&,215.28P㎡/167.49㎡&,171.31MA㎡/134.26㎡&,107.2B㎡/84.34㎡&,112.45㎡/84.92㎡&,174.59MB㎡/134.77㎡&","면적106B㎡&,면적107C㎡&,면적110C㎡&,면적112㎡&,면적168㎡&,면적171㎡&,면적174㎡&,면적215㎡&",1000000001
구기동,종로구,서울특별시,KBA008018,현대구기빌라,150,139,구기현대,16513,"93.96A2㎡/84.42㎡&,106.23복층㎡/84.42㎡&,108.83A1㎡/73.4㎡&","면적93㎡&,면적99B㎡&,면적99A㎡&,면적106㎡&,면적108㎡&,면적123㎡&",1000000013
무악동,종로구,서울특별시,KBA005697,무악현대,1514,964,무악현대,1235,"84.33㎡/60㎡&,109.88㎡/84.92㎡&,141.72㎡/114.9㎡&","면적84㎡&,면적96㎡&,면적109㎡&,면적141㎡&",1000000001
창신동,종로구,서울특별시,KBA015848,엠아이디그린,139,129,엠아이디그린,13511,"74.45㎡/58.96㎡&,73.1㎡/59.04㎡&,76.25㎡/63.45㎡&","면적65㎡&,면적70㎡&,면적70㎡&,면적73A㎡&,면적73B㎡&,면적74A㎡&,면적74B㎡&,면적75C㎡&,면적76D㎡&,면적79㎡&",1000000001
창신동,종로구,서울특별시,KBA008506,동대문.,132,131,동대문,3827,28.8㎡/28.8㎡&,"면적28A㎡&,면적28B㎡&,면적28C㎡&",1000000003
묵정동,중구,서울특별시,KBA003606,묵정.,120,119,묵정,11182,56.07㎡/52.46㎡&,"면적56㎡&,면적112㎡&",1000000003
신당동,중구,서울특별시,KBA007817,신당동삼성,1434,994,신당삼성,1237,"80.15A㎡/59.98㎡&,107.86㎡/84.96㎡&,141.22㎡/114.91㎡&,79.62BC㎡/59.97㎡&","면적79B㎡&,면적79C㎡&,면적80A㎡&,면적107㎡&,면적141㎡&",1000000009
신당동,중구,서울특별시,KBA020562,래미안신당하이베르,945,784,래미안하이베르,27820,"79.1㎡/59.74㎡&,80.11㎡/59.95㎡&,88.69㎡/59.98㎡&,107.31㎡/84.97㎡&,112.49㎡/84.98㎡&,149.63㎡/117㎡&","면적79A㎡&,면적80B㎡&,면적88㎡&,면적107A㎡&,면적107B㎡&,면적112㎡&,면적149㎡&",1000000010
충무로,중구,서울특별시,KBA009261,진양,287,285,진양상가,15839,"71.93㎡/71.93㎡&,78.28㎡/78.28㎡&,95.8㎡/95.8㎡&,107.9㎡/107.9㎡&,101.19㎡/101.19㎡&","면적71A㎡&,면적71B㎡&,면적72C㎡&,면적72D㎡&,면적78㎡&,면적87㎡&,면적95A㎡&,면적95B㎡&,면적95C㎡&,면적101㎡&,면적107㎡&,면적132㎡&,면적143㎡&,면적159㎡&,면적239㎡&",1000000012
회현동,중구,서울특별시,KBA007585,삼풍.,122,117,삼풍,1239,"48.84㎡/46.85㎡&,68.96㎡/63.58㎡&,98.53㎡/95.54㎡&","면적48A㎡&,면적49B㎡&,면적50C㎡&,면적50D㎡&,면적51A㎡&,면적51B㎡&,면적61A㎡&,면적62B㎡&,면적66A㎡&,면적66B㎡&,면적68A㎡&,면적68B㎡&,면적68E㎡&,면적68C㎡&,면적68D㎡&,면적71A㎡&,면적71B㎡&,면적71C㎡&,면적72D㎡&,면적74E㎡&,면적74㎡&,면적83㎡&,면적86㎡&,면적90㎡&,면적98㎡&,면적98A㎡&,면적98B㎡&,면적98C㎡&,면적102㎡&,면적106A㎡&,면적106B㎡&,면적144㎡&",1000000003
망우동,중랑구,서울특별시,KBA019769,한일써너스빌리젠시1단지,274,128,한일써너스빌리젠시1단지,22842,"107.05A㎡/84.48㎡&,106.62B㎡/84.16㎡&,107.19C㎡/84.6㎡&,133.53㎡/105.38㎡&,111.27A㎡/84.66㎡&,111.37B㎡/84.74㎡&,111.3C㎡/84.69㎡&","면적111A㎡&,면적111C㎡&,면적111B㎡&",1000000001
면목동,중랑구,서울특별시,KBA007482,면목두산(2차/3차),344,172,면목두산2단지,832,"111.79㎡/84.77㎡&,176.97㎡/134.2㎡&","면적111㎡&,면적176㎡&",1000000012
신내동,중랑구,서울특별시,KBA007339,동성(2차),358,1047,"동성1,2차",1248,"82.64㎡/59.4㎡&,109.09㎡/84.28㎡&","면적82㎡&,면적87㎡&,면적102A㎡&,면적103B㎡&,면적106㎡&,면적146㎡&,면적149㎡&",1000000015
신내동,중랑구,서울특별시,KBA007372,동성(1차),689,1047,"동성1,2차",1248,"82.64㎡/59.4㎡&,85.95㎡/65.56㎡&,102.47㎡/84.98㎡&,105.78㎡/84.28㎡&,148.76㎡/125.48㎡&,152.06㎡/125.48㎡&","면적82㎡&,면적87㎡&,면적102A㎡&,면적103B㎡&,면적106㎡&,면적146㎡&,면적149㎡&",1000000015
신내동,중랑구,서울특별시,KBA004067,신내(9단지),1315,1650,신내9단지진흥,817,"47.2㎡/33.18㎡&,56.65㎡/39.84㎡&,71㎡/49.82㎡&","면적47㎡&,면적56㎡&,면적71㎡&",1000000013
중화동,중랑구,서울특별시,KBA022254,미영리치타운,116,111,미영리치타운,100516,110.15㎡/84.9㎡&,"면적101㎡&,면적110㎡&",1000000001
중화동,중랑구,서울특별시,KBA004996,한신(2차),230,1544,한신,824,"82.64㎡/59.76㎡&,109.09㎡/84.03㎡&","면적72㎡&,면적83㎡&,면적87㎡&,면적108㎡&,면적108C㎡&,면적110A㎡&,면적110B㎡&,면적116㎡&",1000000015
중화동,중랑구,서울특별시,KBA010175,한신(1차),1314,1544,한신,824,"69.42㎡/50.37㎡&,82.64㎡/59.76㎡&,109.09㎡/84.03㎡&,115.7㎡/84.87㎡&","면적72㎡&,면적83㎡&,면적87㎡&,면적108㎡&,면적108C㎡&,면적110A㎡&,면적110B㎡&,면적116㎡&",1000000015
관산동,고양시,경기도,KBA013111,중앙,98,99,중앙,14456,"74.65㎡/57.87㎡&,108.21㎡/84.24㎡&,67.16㎡/52.29㎡&","면적67㎡&,면적74㎡&,면적99㎡&,면적108㎡&",1000000001
대화동,고양시,경기도,KBA011805,대화(양우내안애),655,1255,"대화5,6단지일신건영",8129,"77.17㎡/59.94㎡&,105.03㎡/84.22㎡&","면적111A㎡&,면적112B㎡&",1000000015
대화동,고양시,경기도,KBA011807,대화(일신건영휴먼빌),1255,1255,"대화5,6단지일신건영",8129,"111.72A㎡/84.36㎡&,112.49B㎡/84.28㎡&","면적111A㎡&,면적112B㎡&",1000000014
대화동,고양시,경기도,KBA011805,대화(양우내안애),655,655,대화7단지양우내안애,8130,"77.17㎡/59.94㎡&,105.03㎡/84.22㎡&","면적77㎡&,면적105㎡&",1000000015
마두동,고양시,경기도,KBA001330,백마마을(3단지금호),558,1116,"백마3단지금호,한양",25588,"56.19㎡/41.85㎡&,102.47㎡/83.77㎡&","면적54B㎡&,면적57A㎡&,면적102A㎡&,면적103B㎡&",1000000014
마두동,고양시,경기도,KBA009972,백마마을(3단지한양),558,1116,"백마3단지금호,한양",25588,"52.89㎡/41.13㎡&,102.47㎡/84.94㎡&","면적54B㎡&,면적57A㎡&,면적102A㎡&,면적103B㎡&",1000000014
마두동,고양시,경기도,KBA002111,강촌마을(선경),352,702,강촌선경코오롱,25777,"122.31㎡/101.76㎡&,161.98㎡/134.68㎡&","면적121(선경)㎡&,면적123(코오롱)㎡&,면적148(코오롱)㎡&,면적159(선경)㎡&,면적165(코오롱)㎡&",1000000015
마두동,고양시,경기도,KBA004755,강촌마을(코오롱),350,702,강촌선경코오롱,25777,"122.31㎡/101.94㎡&,148.76㎡/123.75㎡&,165.29㎡/134.88㎡&","면적121(선경)㎡&,면적123(코오롱)㎡&,면적148(코오롱)㎡&,면적159(선경)㎡&,면적165(코오롱)㎡&",1000000014
마두동,고양시,경기도,KBA001225,백마(쌍용),576,1152,"백마5단지쌍용,한성",2928,"72.72㎡/50.16㎡&,89.25㎡/70.43㎡&,105.78㎡/84.88㎡&,122.31㎡/101.76㎡&,161.98㎡/134.73㎡&","면적73㎡&,면적89㎡&,면적106㎡&,면적122㎡&,면적158㎡&",1000000014
마두동,고양시,경기도,KBA008047,백마마을(한성),576,1152,"백마5단지쌍용,한성",2928,"72.72㎡/50.16㎡&,91.53㎡/70.43㎡&,105.78㎡/84.88㎡&,122.31㎡/101.76㎡&,161.98㎡/134.73㎡&","면적73㎡&,면적89㎡&,면적106㎡&,면적122㎡&,면적158㎡&",1000000014
마두동,고양시,경기도,KBA000685,백마(청구4단지),334,668,"백마4단지한양,청구",2931,"122.31㎡/101㎡&,161.98㎡/134.87㎡&","면적120B㎡&,면적121A㎡&,면적159A㎡&,면적159B㎡&",1000000013
백석동,고양시,경기도,KBA008794,백송(6단지벽산),228,456,"백송대우,벽산",2935,"76.03㎡/58.62㎡&,89.25㎡/69.33㎡&,109.09㎡/84.76㎡&","면적77㎡&,면적87㎡&,면적105㎡&",1000000015
백석동,고양시,경기도,KBA010810,백송(대우),228,456,"백송대우,벽산",2935,"76.03㎡/58.62㎡&,89.25㎡/69.33㎡&,109.09㎡/84.76㎡&","면적77㎡&,면적87㎡&,면적105㎡&",1000000015
백석동,고양시,경기도,KBA004747,백송마을(5단지삼호),393,786,"백송풍림,삼호",2945,"72.72㎡/59.7㎡&,76.03㎡/59.99㎡&,102.47㎡/84.69㎡&","면적73A㎡&,면적73B㎡&,면적76B㎡&,면적76A㎡&,면적103B㎡&,면적104A㎡&",1000000015
백석동,고양시,경기도,KBA006718,백송마을(5단지풍림),393,786,"백송풍림,삼호",2945,"72.72㎡/59.7㎡&,76.03㎡/59.99㎡&,102.47㎡/84.83㎡&","면적73A㎡&,면적73B㎡&,면적76B㎡&,면적76A㎡&,면적103B㎡&,면적104A㎡&",1000000015
성사동,고양시,경기도,KBA009846,"미도6차(6,7동)",100,99,미도6차,101266,"56.75㎡/42.03㎡&,62.14㎡/46.08㎡&,80.61㎡/61.56㎡&","면적56㎡&,면적62㎡&,면적80㎡&",1000000013
일산동,고양시,경기도,KBA003801,미주8차,179,233,미주8차,1510,"79.33㎡/59.67㎡&,112.39㎡/84.42㎡&","면적81㎡&,면적110㎡&,면적112A㎡&,면적113B㎡&,면적124㎡&,면적220㎡&,면적226㎡&,면적249㎡&",1000000001
일산동,고양시,경기도,KBA004652,"후곡(5단지영풍,한진)",360,358,후곡5단지영풍한진,2956,"123.51㎡/101.64㎡&,151.36㎡/128.82㎡&,182.72㎡/157.65㎡&","면적123㎡&,면적151㎡&,면적182㎡&",1000000012
일산동,고양시,경기도,KBA005851,후곡(6단지동부),338,676,후곡6단지건영동부,2966,"69.42㎡/51.06㎡&,89.25㎡/65.8㎡&,105.78㎡/84.93㎡&","면적65(건영)㎡&,면적69(동부)㎡&,면적89(동부)㎡&,면적90(건영)㎡&,면적104(동부)㎡&,면적107(건영)㎡&",1000000015
일산동,고양시,경기도,KBA007179,후곡(6단지건영),338,676,후곡6단지건영동부,2966,"66.11㎡/50.55㎡&,92.56㎡/72.56㎡&,109.09㎡/84.5㎡&","면적65(건영)㎡&,면적69(동부)㎡&,면적89(동부)㎡&,면적90(건영)㎡&,면적104(동부)㎡&,면적107(건영)㎡&",1000000015
일산동,고양시,경기도,KBA011801,산들(6단지베르빌),474,466,산들6단지베르빌,9458,106.37㎡/84.93㎡&,면적106㎡&,1000000002
장항동,고양시,경기도,KBA005646,호수(3단지삼환),436,876,호수3단지삼환유원,1355,155.37㎡/132.33㎡&,"면적121유원㎡&,면적154삼환㎡&,면적154유원㎡&,면적183유원㎡&",1000000015
장항동,고양시,경기도,KBA010607,호수(3단지유원),440,876,호수3단지삼환유원,1355,"122.31㎡/101.85㎡&,155.37㎡/132.33㎡&,185.12㎡/157.33㎡&","면적121유원㎡&,면적154삼환㎡&,면적154유원㎡&,면적183유원㎡&",1000000015
장항동,고양시,경기도,KBA007417,호수(4단지롯데),236,472,호수4단지럭키롯데,17253,"122.31㎡/99.96㎡&,161.98㎡/134.88㎡&,191.73㎡/162.24㎡&","면적121럭키㎡&,면적121롯데㎡&,면적158롯데㎡&,면적158럭키㎡&,면적187럭키㎡&,면적188롯데㎡&",1000000013
주교동,고양시,경기도,KBA018067,세창짜임,110,109,고양주교세창짜임,18928,"96.26㎡/76.54㎡&,106.84㎡/84.95㎡&,115.93㎡/92.18㎡&","면적96㎡&,면적106A㎡&,면적106B㎡&,면적115A㎡&,면적116B㎡&",1000000012
주엽동,고양시,경기도,KBA006119,강선(1단지대우),260,520,"강선1단지대우,벽산",1367,"122.31㎡/101.94㎡&,155.37㎡/131.46㎡&,188.43㎡/160.44㎡&","면적122㎡&,면적152A㎡&,면적154B㎡&,면적155C㎡&,면적184㎡&",1000000015
주엽동,고양시,경기도,KBA008107,강선(1단지벽산),260,520,"강선1단지대우,벽산",1367,"122.31㎡/101.94㎡&,155.37㎡/131.46㎡&,188.43㎡/160.44㎡&","면적122㎡&,면적152A㎡&,면적154B㎡&,면적155C㎡&,면적184㎡&",1000000015
주엽동,고양시,경기도,KBA004723,문촌(5단지쌍용),214,432,문촌5단지쌍용한일,1384,"135.53㎡/113.28㎡&,161.98㎡/134.07㎡&,185.12㎡/152.2㎡&,122.31㎡/101.88㎡&,221.48㎡/183.57㎡&","면적120A(쌍용)㎡&,면적120B(한일)㎡&,면적134(쌍용)㎡&,면적139(한일)㎡&,면적154(한일)㎡&,면적158(쌍용)㎡&,면적180(쌍용)㎡&,면적187(한일)㎡&,면적208(한일)㎡&,면적217(쌍용)㎡&",1000000015
주엽동,고양시,경기도,KBA005678,문촌(5단지한일),218,432,문촌5단지쌍용한일,1384,"122.31㎡/101.89㎡&,142.14㎡/117.52㎡&,158.67㎡/130.51㎡&,191.73㎡/157.72㎡&,211.57㎡/175.87㎡&","면적120A(쌍용)㎡&,면적120B(한일)㎡&,면적134(쌍용)㎡&,면적139(한일)㎡&,면적154(한일)㎡&,면적158(쌍용)㎡&,면적180(쌍용)㎡&,면적187(한일)㎡&,면적208(한일)㎡&,면적217(쌍용)㎡&",1000000015
주엽동,고양시,경기도,KBA000456,문촌(7단지주공),505,1150,문촌7단지주공,1389,"63.7㎡/42.75㎡&,68.93㎡/49.69㎡&","면적63㎡&,면적68㎡&",1000000002
주엽동,고양시,경기도,KBA005288,문촌(9단지주공),416,912,문촌9단지주공,1390,"63.7㎡/42.75㎡&,68.93㎡/49.69㎡&","면적63㎡&,면적68㎡&",1000000002
주엽동,고양시,경기도,KBA004227,강선(6단지한양),278,556,"강선6단지금호,한양",25867,"122.31㎡/101.82㎡&,228.1㎡/192.99㎡&,165.29㎡/134.96㎡&,198.34㎡/165.08㎡&","면적120㎡&,면적161A㎡&,면적162B㎡&,면적191㎡&,면적219㎡&",1000000013
주엽동,고양시,경기도,KBA000332,강선(13단지뉴서울),289,288,강선13단지뉴서울,3859,56.73㎡/40.32㎡&,면적56㎡&,1000000002
탄현동,고양시,경기도,KBA007698,탄현마을(1단지경남),240,480,"탄현1단지경남,진로",1518,"128.92㎡/101.86㎡&,148.76㎡/122.76㎡&","면적124(경남)㎡&,면적124(진로)㎡&,면적144(경남)㎡&,면적144(진로)㎡&",1000000015
탄현동,고양시,경기도,KBA010980,탄현마을(1단지진로),240,480,"탄현1단지경남,진로",1518,"128.92㎡/101.86㎡&,148.76㎡/122.76㎡&","면적124(경남)㎡&,면적124(진로)㎡&,면적144(경남)㎡&,면적144(진로)㎡&",1000000015
탄현동,고양시,경기도,KBA001439,탄현마을(6단지현대),484,968,"탄현6단지현대,한신",1522,"85.95㎡/68.04㎡&,105.78㎡/84.36㎡&","면적85(현대)㎡&,면적85(한신)㎡&,면적105(한신)㎡&,면적105(현대)㎡&",1000000015
탄현동,고양시,경기도,KBA008368,탄현마을(6단지한신),484,968,"탄현6단지현대,한신",1522,"85.95㎡/68.04㎡&,105.78㎡/84.24㎡&","면적85(현대)㎡&,면적85(한신)㎡&,면적105(한신)㎡&,면적105(현대)㎡&",1000000015
행신동,고양시,경기도,KBA010285,동문,167,19,동문,13578,"85.63㎡/58.98㎡&,107.15㎡/84.96㎡&","면적137㎡&,면적166㎡&",1000000001
행신동,고양시,경기도,KBA005322,무원10(라이프),396,792,무원10단지서광라이프,1531,105.78㎡/84.99㎡&,면적104㎡&,1000000014
행신동,고양시,경기도,KBA008607,무원10(서광),396,792,무원10단지서광라이프,1531,105.78㎡/84.99㎡&,면적104㎡&,1000000014
행신동,고양시,경기도,KBA004066,무원5(쌍용),318,636,무원5단지쌍용한진,1534,"122.31㎡/101.88㎡&,158.67㎡/134.07㎡&","면적122(한진)㎡&,면적122(쌍용)㎡&,면적157㎡&",1000000014
행신동,고양시,경기도,KBA008862,무원5(한진),636,636,무원5단지쌍용한진,1534,"122.31㎡/101.88㎡&,158.67㎡/134.07㎡&","면적122(한진)㎡&,면적122(쌍용)㎡&,면적157㎡&",1000000015
행신동,고양시,경기도,KBA009954,윤창(2차),102,100,윤창2차,26161,"84.38㎡/59.16㎡&,106.43㎡/84.96㎡&","면적84㎡&,면적106㎡&",1000000002
행신동,고양시,경기도,KBA002419,무궁화,106,107,무궁화,8720,"95.22㎡/74.94㎡&,111.6㎡/83.56㎡&,121.25㎡/91.26㎡&,119㎡/97.59㎡&,144.89㎡/108.48㎡&,149.71㎡/112.68㎡&,102.92㎡/80.88㎡&,68.59㎡/48.78㎡&","면적68㎡&,면적94B㎡&,면적95A㎡&,면적102㎡&,면적111㎡&,면적121A㎡&,면적123B㎡&,면적144㎡&,면적149㎡&,면적262㎡&",1000000001
행신동,고양시,경기도,KBA002664,햇빛(일신건영),916,916,"햇빛24단지일신건영,동신",9970,"125.62㎡/99.78㎡&,161.98㎡/134.82㎡&,198.34㎡/164.97㎡&","면적125(일신)㎡&,면적125(동신)㎡&,면적163(일신)㎡&,면적163(동신)㎡&,면적196(일신)㎡&,면적196(동신)㎡&",1000000015
행신동,고양시,경기도,KBA005436,햇빛(동신),916,916,"햇빛24단지일신건영,동신",9970,"125.62㎡/99.78㎡&,161.98㎡/134.82㎡&,198.34㎡/164.97㎡&","면적125(일신)㎡&,면적125(동신)㎡&,면적163(일신)㎡&,면적163(동신)㎡&,면적196(일신)㎡&,면적196(동신)㎡&",1000000015
화정동,고양시,경기도,KBA002459,달빛(1단지동부),446,1784,달빛1단지,11336,"89.25㎡/72.27㎡&,105.78㎡/84.9㎡&","면적90㎡&,면적104㎡&",1000000015
화정동,고양시,경기도,KBA002821,달빛(1단지경남),446,1784,달빛1단지,11336,"89.25㎡/72.27㎡&,105.78㎡/84.9㎡&","면적90㎡&,면적104㎡&",1000000015
화정동,고양시,경기도,KBA003930,달빛(1단지극동),446,1784,달빛1단지,11336,"89.25㎡/72.27㎡&,105.78㎡/84.9㎡&","면적90㎡&,면적104㎡&",1000000015
화정동,고양시,경기도,KBA011429,달빛(1단지진덕),446,1784,달빛1단지,11336,"89.25㎡/72.27㎡&,105.78㎡/84.9㎡&","면적90㎡&,면적104㎡&",1000000015
화정동,고양시,경기도,KBA000131,별빛(한일9단지),502,2008,"별빛9단지벽산,코오롱,한일,기산",1559,"89.25㎡/70.2㎡&,109.09㎡/84.93㎡&","면적90㎡&,면적105㎡&",1000000015
화정동,고양시,경기도,KBA003211,별빛(코오롱9단지),502,2008,"별빛9단지벽산,코오롱,한일,기산",1559,"89.25㎡/70.2㎡&,109.09㎡/84.93㎡&","면적90㎡&,면적105㎡&",1000000015
화정동,고양시,경기도,KBA004075,별빛(기산9단지),502,2008,"별빛9단지벽산,코오롱,한일,기산",1559,"89.25㎡/70.2㎡&,109.09㎡/84.93㎡&","면적90㎡&,면적105㎡&",1000000015
화정동,고양시,경기도,KBA006102,별빛(현대7단지),568,1136,"별빛7단지청구,현대",1562,109.09㎡/84.95㎡&,면적108㎡&,1000000015
화정동,고양시,경기도,KBA007641,별빛(청구7단지),568,1136,"별빛7단지청구,현대",1562,109.09㎡/85㎡&,면적108㎡&,1000000015
화정동,고양시,경기도,KBA002818,옥빛(주공15단지),1391,1392,옥빛15단지주공,1567,"83.37㎡/59.56㎡&,89.16B㎡/59.97㎡&,85.95A㎡/59.97㎡&","면적82A㎡&,면적83B㎡&,면적85C㎡&,면적85D㎡&,면적87A㎡&,면적89B㎡&",1000000013
화정동,고양시,경기도,KBA001460,옥빛(풍산),112,96,옥빛15단지풍산,1570,76.9㎡/56.88㎡&,면적76㎡&,1000000012
화정동,고양시,경기도,KBA000524,은빛(5단지삼익주택),384,2032,은빛5단지,1571,"125.62㎡/101.35㎡&,161.98㎡/134.83㎡&,195.04㎡/164.95㎡&","면적122A㎡&,면적123B㎡&,면적158㎡&,면적192㎡&",1000000013
중산동,고양시,경기도,KBA001364,중산마을5단지동부,270,540,"중산5단지동부,건영",13812,72.72㎡/59.93㎡&,"면적72A㎡&,면적72B㎡&,면적72C㎡&,면적72D㎡&",1000000015
중산동,고양시,경기도,KBA009171,중산마을5단지건영,270,540,"중산5단지동부,건영",13812,72.72㎡/59.94㎡&,"면적72A㎡&,면적72B㎡&,면적72C㎡&,면적72D㎡&",1000000015
별양동,과천시,경기도,KBA007065,주공(6단지),1070,1262,주공6단지,1582,"52.89㎡/47.3㎡&,59.5㎡/54.48㎡&,82.64㎡/73.73㎡&,89.25㎡/82.17㎡&","면적53㎡&,면적61㎡&,면적80㎡&,면적87㎡&,면적88C㎡&,면적88A㎡&,면적89B㎡&",1000000014
원문동,과천시,경기도,KBA006983,"주공(2단지)(201~231동,301~307동)",1620,1370,주공2단지,1586,"25.42㎡/20.2㎡&,52.89㎡/45.22㎡&,59.5㎡/52.23㎡&","면적25㎡&,면적52㎡&,면적59㎡&",1000000014
광명동,광명시,경기도,KBA020170,팰리스필(2차),156,157,팰리스필2차,25979,"81.15㎡/63.56㎡&,104.38㎡/82.18㎡&,107.64A㎡/84.95㎡&,107.7B㎡/84.92㎡&,142.04㎡/112.21㎡&","면적81㎡&,면적104A㎡&,면적107A㎡&,면적107B㎡&,면적119B㎡&,면적142㎡&",1000000002
소하동,광명시,경기도,KBA023259,광명역세권휴먼시아4단지,740,730,광명역세권휴먼시아4단지,100253,"99.99㎡/74.98㎡&,112.26㎡/84.18㎡&,113.34㎡/84.99㎡&,99.99탑층㎡/74.98㎡&,112.26탑층㎡/84.18㎡&,113.34탑층㎡/84.99㎡&","면적99B㎡&,면적99A㎡&,면적99A-1㎡&,면적112A㎡&,면적112D㎡&,면적112D-1㎡&,면적112B㎡&,면적113C㎡&,면적113E㎡&,면적113E-1㎡&",1000000001
소하동,광명시,경기도,KBA011813,동양(2차),763,762,동양2차,3564,"80.78㎡/59.96㎡&,105.83㎡/84.98㎡&,142.91㎡/119.24㎡&","면적80㎡&,면적105㎡&,면적142㎡&",1000000002
하안동,광명시,경기도,KBA004670,주공8단지,1430,1680,주공8단지,1635,"63.64㎡/45.77㎡&,82.57㎡/59.39㎡&,105.49㎡/79.07㎡&","면적63㎡&,면적74㎡&,면적80A㎡&,면적82B㎡&,면적85㎡&,면적100㎡&,면적105㎡&",1000000001
교문동,구리시,경기도,KBA005815,구리(우성),342,682,"구리우성,한양",1640,"79.33㎡/60.56㎡&,105.78㎡/84.9㎡&,125.62㎡/101.37㎡&,161.98㎡/133.93㎡&","면적80㎡&,면적99㎡&,면적106㎡&,면적112㎡&,면적125A㎡&,면적126B㎡&,면적146㎡&,면적161A㎡&,면적162B㎡&",1000000015
교문동,구리시,경기도,KBA008602,구리(한양),342,682,"구리우성,한양",1640,"79.33㎡/60.44㎡&,105.78㎡/84.9㎡&,125.62㎡/101.95㎡&,165.29㎡/134.96㎡&,99.17㎡/79.05㎡&","면적80㎡&,면적99㎡&,면적106㎡&,면적112㎡&,면적125A㎡&,면적126B㎡&,면적146㎡&,면적161A㎡&,면적162B㎡&",1000000015
인창동,구리시,경기도,KBA011817,동문굿모닝힐,337,312,동문굿모닝힐1차,11453,111.14㎡/84.98㎡&,면적111㎡&,1000000004
인창동,구리시,경기도,KBA004612,신일,276,552,인창5단지삼환신일,1658,"125.62㎡/99.97㎡&,152.06㎡/124.47㎡&","면적124(신일)㎡&,면적124(삼환)㎡&,면적150(신일)㎡&,면적150(삼환)㎡&",1000000015
인창동,구리시,경기도,KBA005680,삼환,276,552,인창5단지삼환신일,1658,"125.62㎡/99.97㎡&,152.06㎡/124.47㎡&","면적124(신일)㎡&,면적124(삼환)㎡&,면적150(신일)㎡&,면적150(삼환)㎡&",1000000015
인창동,구리시,경기도,KBA018440,구리인창2차동문굿모닝힐,208,209,구리인창동문굿모닝힐2차,22545,"108.57㎡/84.96㎡&,94.93㎡/74.14㎡&","면적94㎡&,면적108㎡&",1000000005
인창동,구리시,경기도,KBA002398,대명,189,207,대명,8958,"75.13㎡/56.61㎡&,79.16㎡/60.75㎡&,81.88㎡/63.78㎡&,85.2㎡/66.66㎡&","면적75㎡&,면적78A㎡&,면적79B㎡&,면적81㎡&,면적85㎡&,면적103㎡&,면적110㎡&",1000000001
당동,군포시,경기도,KBA007863,무궁화,96,92,무궁화,11860,"81.19㎡/59.34㎡&,88.89㎡/65.49㎡&","면적81㎡&,면적88㎡&,면적93㎡&",1000000001
당정동,군포시,경기도,KBA017039,거성에이플,57,76,거성에이플,100801,100.06㎡/83.4㎡&,"면적99B㎡&,면적100A㎡&,면적130㎡&,면적143㎡&,면적167㎡&,면적192㎡&",1000000001
산본동,군포시,경기도,KBA000864,매화(14단지),507,1847,매화주공14단지,2628,"68.93㎡/49.69㎡&,70.29㎡/49.67㎡&","면적68A㎡&,면적70B㎡&",1000000012
산본동,군포시,경기도,KBA002089,가야주공(5단지),2550,1601,가야주공5단지1차,2886,"57.4㎡/41.85㎡&,62.35㎡/42.75㎡&,79.22B㎡/51.59㎡&,80.26A㎡/58.46㎡&","면적57㎡&,면적62㎡&,면적63C㎡&,면적79B㎡&,면적80A㎡&",1000000012
산본동,군포시,경기도,KBA005810,주몽,927,2118,주몽주공10단지,2906,"53.15㎡/37.67㎡&,60.34㎡/42.87㎡&,70.29㎡/49.67㎡&","면적39㎡&,면적53㎡&,면적60㎡&,면적67B㎡&,면적70A㎡&",1000000012
북변동,김포시,경기도,KBA004621,풍년마을(한라),450,900,풍년2단지청구한라,4702,"72.72A㎡/59.97㎡&,72.72B㎡/59.99㎡&","면적73B㎡&,면적73A㎡&",1000000015
북변동,김포시,경기도,KBA006193,풍년마을(청구),450,900,풍년2단지청구한라,4702,"72.72A㎡/59.97㎡&,72.72B㎡/59.99㎡&","면적73B㎡&,면적73A㎡&",1000000015
사우동,김포시,경기도,KBA005422,풍년마을(신명),192,384,"풍년1단지동양,신명",3930,105.78㎡/84.98㎡&,면적107㎡&,1000000015
사우동,김포시,경기도,KBA009477,풍년마을(동양),192,384,"풍년1단지동양,신명",3930,105.78㎡/84.98㎡&,면적107㎡&,1000000015
사우동,김포시,경기도,KBA008841,김포,224,239,김포,9282,"55.46㎡/38.61㎡&,61.31㎡/43.29㎡&,63.67㎡/45.18㎡&","면적52A㎡&,면적55B㎡&,면적60㎡&,면적61A㎡&,면적63B㎡&,면적63C㎡&",1000000001
풍무동,김포시,경기도,KBA002554,양도마을(대림e편한세상),587,575,양도대림e편한세상,8171,"99.22A㎡/79.51㎡&,99.23B㎡/79.36㎡&","면적99A㎡&,면적99B㎡&",1000000012
오남읍,남양주시,경기도,KBA012511,오남쌍용스윗닷홈지티,901,451,오남쌍용스윗닷홈Gity2단지,12479,"80.61㎡/59.95㎡&,106.7㎡/84.87㎡&","면적80㎡&,면적106㎡&",1000000012
오남읍,남양주시,경기도,KBA003864,진주(9차),299,240,진주9차,14503,"50.09㎡/39.96㎡&,67.86㎡/55.8㎡&,82.6㎡/68.94㎡&,100.28㎡/84.6㎡&","면적50㎡&,면적67㎡&,면적82㎡&,면적100㎡&",1000000002
고강동,부천시,경기도,KBA010243,오화,50,49,오화,14266,"62.23㎡/46.54㎡&,88.39㎡/67.96㎡&,91.8㎡/70.75㎡&","면적62㎡&,면적88㎡&,면적91㎡&",1000000001
고강동,부천시,경기도,KBA001834,고강(1단지),338,208,고강1차,1671,"62.99㎡/44.73㎡&,66.66㎡/47.7㎡&,70.46㎡/50.67㎡&,78.04㎡/56.61㎡&,81.99㎡/59.97㎡&,97㎡/71.46㎡&","면적62㎡&,면적66㎡&,면적70㎡&,면적78㎡&,면적81㎡&,면적97㎡&",1000000014
고강동,부천시,경기도,KBA008698,삼우,260,160,삼우(396),1677,"50.42㎡/38.97㎡&,58.84㎡/46.26㎡&","면적50㎡&,면적58㎡&",1000000012
고강동,부천시,경기도,KBA007623,새보미,75,93,새보미,1679,63.61㎡/47.61㎡&,면적63㎡&,1000000001
고강동,부천시,경기도,KBA003150,유호,100,95,유호,1682,"64.55㎡/47.78㎡&,68.55㎡/51.02㎡&,85.77㎡/59.31㎡&","면적64㎡&,면적68㎡&,면적85㎡&",1000000001
고강동,부천시,경기도,KBA017578,동광모닝스카이,182,138,동광모닝스카이1차,26261,"104.77㎡/84.98㎡&,106.2㎡/84.98㎡&",면적104㎡&,1000000004
괴안동,부천시,경기도,KBA004955,조공1차.,223,224,역곡조공1차,1692,"62.3㎡/50.35㎡&,71.51㎡/58.54㎡&,74.47㎡/61.27㎡&,80.46㎡/66.64㎡&","면적62㎡&,면적71㎡&,면적74㎡&,면적80㎡&",1000000012
괴안동,부천시,경기도,KBA004688,역곡현대1차,370,220,"역곡현대1,2,3차",2748,"51.85㎡/37.96㎡&,54.98㎡/40.57㎡&,68.38㎡/51.37㎡&,72.73㎡/51.45㎡&,76.03㎡/51.37㎡&,82.65㎡/59.85㎡&,85.95㎡/62.33㎡&","면적51㎡&,면적54㎡&,면적68㎡&",1000000015
내동,부천시,경기도,KBA024205,이룸이루미,84,48,이룸이루미,105507,100.87㎡/81.38㎡&,면적100㎡&,1000000001
도당동,부천시,경기도,KBA003768,복사골(2차),120,118,복사골2차,10754,"69.11㎡/52.38㎡&,79.94㎡/60.84㎡&,85.97㎡/65.07㎡&,77.05㎡/58.23㎡&,72.49㎡/54.99㎡&","면적69㎡&,면적72㎡&,면적74A㎡&,면적77B㎡&,면적78A㎡&,면적79B㎡&,면적85㎡&",1000000002
상동,부천시,경기도,KBA004257,사랑선경,304,938,"사랑벽산,선경,삼익",1395,"122.31㎡/101.88㎡&,138.84㎡/114.3㎡&,161.98㎡/134.91㎡&,188.43㎡/156.15㎡&","면적120㎡&,면적123㎡&,면적135㎡&,면적138㎡&,면적159㎡&,면적163㎡&,면적189㎡&",1000000015
상동,부천시,경기도,KBA006010,사랑벽산,324,938,"사랑벽산,선경,삼익",1395,"122.31㎡/101.88㎡&,138.84㎡/114.3㎡&,161.98㎡/134.91㎡&,188.43㎡/156.15㎡&","면적120㎡&,면적123㎡&,면적135㎡&,면적138㎡&,면적159㎡&,면적163㎡&,면적189㎡&",1000000015
상동,부천시,경기도,KBA008210,사랑삼익,310,938,"사랑벽산,선경,삼익",1395,"122.31㎡/101.88㎡&,138.84㎡/114.3㎡&,161.98㎡/134.91㎡&","면적120㎡&,면적123㎡&,면적135㎡&,면적138㎡&,면적159㎡&,면적163㎡&,면적189㎡&",1000000015
상동,부천시,경기도,KBA000079,한아름마을(2차동아),476,1428,"한아름삼환,동아,동성",1404,"82.64㎡/59.4㎡&,105.78㎡/84.87㎡&","면적81㎡&,면적104㎡&",1000000015
상동,부천시,경기도,KBA009203,한아름마을(2차삼환),476,1428,"한아름삼환,동아,동성",1404,"82.64㎡/59.4㎡&,105.78㎡/84.87㎡&","면적81㎡&,면적104㎡&",1000000015
상동,부천시,경기도,KBA009398,한아름마을(2차동성),476,1428,"한아름삼환,동아,동성",1404,"82.64㎡/59.4㎡&,105.78㎡/84.87㎡&","면적81㎡&,면적104㎡&",1000000015
상동,부천시,경기도,KBA000588,한아름마을(1차라이프),412,1236,"한아름라이프,현대",1406,"79.33㎡/59.58㎡&,92.56㎡/77.1㎡&,105.78㎡/84.9㎡&","면적77㎡&,면적90㎡&,면적92㎡&,면적103㎡&,면적104㎡&",1000000015
상동,부천시,경기도,KBA003385,한아름마을(1차현대),824,1236,"한아름라이프,현대",1406,"79.33㎡/59.4㎡&,92.56㎡/75.18㎡&,105.78㎡/84.77㎡&","면적77㎡&,면적90㎡&,면적92㎡&,면적103㎡&,면적104㎡&",1000000015
상동,부천시,경기도,KBA005353,라일락마을(유림넥스빌),286,572,"라일락대우,유림",3599,112.39㎡/84.91㎡&,"면적115A㎡&,면적115B㎡&",1000000015
상동,부천시,경기도,KBA008115,라일락마을(대우이안),286,572,"라일락대우,유림",3599,112.39㎡/84.98㎡&,"면적115A㎡&,면적115B㎡&",1000000015
소사본동,부천시,경기도,KBA002105,삼성,262,524,삼성.두산,3961,"158.67㎡/134.97㎡&,122.31㎡/101.82㎡&","면적122㎡&,면적158㎡&",1000000015
소사본동,부천시,경기도,KBA010131,두산,262,524,삼성.두산,3961,"122.31㎡/101.82㎡&,158.67㎡/134.97㎡&","면적122㎡&,면적158㎡&",1000000015
송내동,부천시,경기도,KBA007046,동신(2차),80,50,동신2차,11013,75.09㎡/56.76㎡&,면적75㎡&,1000000002
심곡본동,부천시,경기도,KBA015531,보강센트럴빌(1차),74,72,보강센트럴빌1차,11187,82.42㎡/66.17㎡&,면적82㎡&,1000000002
약대동,부천시,경기도,KBA023202,부천위브트레지움2단지,1223,1013,부천위브트레지움2단지,27540,"84.28㎡/59.98㎡&,110.45㎡/84.98㎡&,113.98㎡/84.98㎡&,147.11㎡/114.98㎡&","면적84㎡&,면적110A㎡&,면적110B㎡&,면적113B㎡&,면적113C㎡&,면적114A㎡&,면적147A㎡&,면적147B㎡&",1000000001
역곡동,부천시,경기도,KBA011334,예원,190,182,예원,9156,"66.51㎡/61.11㎡&,69.93㎡/64.17㎡&,82.08㎡/76.32㎡&","면적66㎡&,면적69㎡&,면적82㎡&",1000000001
역곡동,부천시,경기도,KBA000716,건우,104,102,건우,9197,"62.1㎡/43.92㎡&,64.8㎡/46.08㎡&","면적62㎡&,면적64㎡&",1000000001
역곡동,부천시,경기도,KBA008009,동성,94,90,동성,9643,"54.98㎡/41.52㎡&,68.03㎡/52.46㎡&","면적54㎡&,면적68㎡&",1000000001
원종동,부천시,경기도,KBA006007,동진(2차),115,70,동진2차,11298,"53.47㎡/39.69㎡&,60.85㎡/45.45㎡&,76.04㎡/58.32㎡&","면적53㎡&,면적60㎡&,면적76㎡&",1000000002
원종동,부천시,경기도,KBA023220,용상,56,55,용상,11685,"99.23㎡/79.45㎡&,86.52㎡/79.51㎡&","면적61㎡&,면적75㎡&,면적86㎡&,면적93㎡&,면적99㎡&",1000000001
원종동,부천시,경기도,KBA003814,삼신(12차),160,165,삼신12차,14117,"57.13㎡/42.34㎡&,67.13㎡/50.61㎡&,80.01㎡/56.73㎡&","면적57㎡&,면적67㎡&,면적80㎡&",1000000002
원종동,부천시,경기도,KBA002300,성락,99,97,성락,2653,65.35㎡/46.26㎡&,면적65㎡&,1000000001
중동,부천시,경기도,KBA010365,복사골(건영1차),700,50,복사골,10962,"52.89㎡/39.55㎡&,72.72㎡/56.58㎡&","면적53㎡&,면적53A㎡&,면적65㎡&",1000000014
중동,부천시,경기도,KBA003424,미리내마을(금호),336,712,그린타운금호한양,1407,"56.19㎡/41.85㎡&,105.78㎡/84.93㎡&","면적106(한양)㎡&,면적108(한양)㎡&,면적120(한양)㎡&,면적120(금호)㎡&,면적143(한양)㎡&,면적159(금호)㎡&,면적159(한양)㎡&,면적174(한양)㎡&,면적195(금호)㎡&,면적195(한양)㎡&",1000000015
중동,부천시,경기도,KBA006866,그린타운(한양),356,712,그린타운금호한양,1407,"122.31㎡/101.95㎡&,161.98㎡/134.96㎡&,201.65㎡/165.02㎡&","면적106(한양)㎡&,면적108(한양)㎡&,면적120(한양)㎡&,면적120(금호)㎡&,면적143(한양)㎡&,면적159(금호)㎡&,면적159(한양)㎡&,면적174(한양)㎡&,면적195(금호)㎡&,면적195(한양)㎡&",1000000015
중동,부천시,경기도,KBA007910,그린타운(금호),712,712,그린타운금호한양,1407,"122.31㎡/101.97㎡&,161.98㎡/134.63㎡&,201.65㎡/164.9㎡&","면적106(한양)㎡&,면적108(한양)㎡&,면적120(한양)㎡&,면적120(금호)㎡&,면적143(한양)㎡&,면적159(금호)㎡&,면적159(한양)㎡&,면적174(한양)㎡&,면적195(금호)㎡&,면적195(한양)㎡&",1000000015
중동,부천시,경기도,KBA000736,미리내마을(삼성),410,592,"그린타운삼성,우성",1408,"42.97㎡/33.54㎡&,52.89㎡/42.51㎡&,69.42㎡/54㎡&","면적122㎡&,면적124㎡&,면적152㎡&,면적158㎡&,면적193㎡&,면적198㎡&",1000000015
중동,부천시,경기도,KBA008747,그린타운(우성1차),236,592,"그린타운삼성,우성",1408,"125.62㎡/101.52㎡&,155.37㎡/128.94㎡&,198.34㎡/167.83㎡&","면적122㎡&,면적124㎡&,면적152㎡&,면적158㎡&,면적193㎡&,면적198㎡&",1000000015
중동,부천시,경기도,KBA011132,그린타운(삼성),356,592,"그린타운삼성,우성",1408,"125.62㎡/101.7㎡&,161.98㎡/133.47㎡&,201.65㎡/173.86㎡&","면적122㎡&,면적124㎡&,면적152㎡&,면적158㎡&,면적193㎡&,면적198㎡&",1000000015
중동,부천시,경기도,KBA003497,꿈마을(삼환),348,698,꿈삼환한진,1414,"79.33㎡/59.88㎡&,102.47㎡/81.48㎡&,125.62㎡/101.52㎡&,161.98㎡/134.46㎡&","면적79(삼환)㎡&,면적79(한진)㎡&,면적99(삼환)㎡&,면적99(한진)㎡&,면적122(삼환)㎡&,면적122(한진)㎡&,면적156(삼환)㎡&,면적156(한진)㎡&",1000000015
중동,부천시,경기도,KBA007742,꿈마을(한진),350,698,꿈삼환한진,1414,"161.98㎡/134.46㎡&,79.33㎡/59.88㎡&,102.47㎡/81.48㎡&,125.62㎡/101.52㎡&","면적79(삼환)㎡&,면적79(한진)㎡&,면적99(삼환)㎡&,면적99(한진)㎡&,면적122(삼환)㎡&,면적122(한진)㎡&,면적156(삼환)㎡&,면적156(한진)㎡&",1000000015
중동,부천시,경기도,KBA004773,꿈마을(서안),246,492,꿈건영서안,1415,"79.33㎡/59.98㎡&,109.09㎡/84.96㎡&,125.62㎡/101.82㎡&,161.98㎡/133.92㎡&","면적75(건영)㎡&,면적77(서안)㎡&,면적105(서안)㎡&,면적106(건영)㎡&,면적122(건영)㎡&,면적123(서안)㎡&,면적158(서안)㎡&,면적158(건영)㎡&",1000000014
중동,부천시,경기도,KBA007006,꿈마을(건영),246,492,꿈건영서안,1415,"79.33㎡/59.98㎡&,109.09㎡/84.96㎡&,125.62㎡/101.82㎡&,161.98㎡/133.92㎡&","면적75(건영)㎡&,면적77(서안)㎡&,면적105(서안)㎡&,면적106(건영)㎡&,면적122(건영)㎡&,면적123(서안)㎡&,면적158(서안)㎡&,면적158(건영)㎡&",1000000014
중동,부천시,경기도,KBA000176,미리내마을(한양),336,1008,"미리내금호,한양,한신",1419,"56.19㎡/41.09㎡&,105.78㎡/84.9㎡&","면적57㎡&,면적103㎡&",1000000015
중동,부천시,경기도,KBA004445,미리내마을(한신),336,1008,"미리내금호,한양,한신",1419,"56.19㎡/41.85㎡&,105.78㎡/84.96㎡&","면적57㎡&,면적103㎡&",1000000015
중동,부천시,경기도,KBA004561,복사골(건영),330,1030,복사골건영,25776,"102.47㎡/78.06㎡&,109.09㎡/84.23㎡&","면적52㎡&,면적74㎡&,면적97㎡&,면적105㎡&",1000000002
춘의동,부천시,경기도,KBA016138,춘의동리치빌,85,84,춘의리치빌,13996,"105.79㎡/80.89㎡&,113.63㎡/86.31㎡&","면적86㎡&,면적90㎡&,면적105㎡&,면적113㎡&",1000000009
백현동,성남시,경기도,KBA021565,백현마을(휴먼시아2단지),777,772,백현2단지휴먼시아,27643,"108.07A㎡/84.5㎡&,108.48B㎡/84.82㎡&","면적108A㎡&,면적108B-1㎡&,면적108A-1㎡&,면적108B㎡&",1000000012
서현동,성남시,경기도,KBA003820,효자촌(미래타운),162,160,효자촌미래타운,1716,"122.03㎡/101.94㎡&,157.21㎡/134.64㎡&","면적122㎡&,면적157㎡&",1000000002
서현동,성남시,경기도,KBA001380,효자촌(화성),564,872,"효자촌화성,럭키",17444,"76.03㎡/53.82㎡&,92.56㎡/70.68㎡&,109.09㎡/84.69㎡&","면적73㎡&,면적90㎡&,면적104㎡&",1000000015
서현동,성남시,경기도,KBA005011,효자촌(LG),308,872,"효자촌화성,럭키",17444,"76.03㎡/53.82㎡&,92.56㎡/70.68㎡&,109.09㎡/84.69㎡&","면적73㎡&,면적90㎡&,면적104㎡&",1000000015
서현동,성남시,경기도,KBA003819,효자촌(대우),576,902,"효자촌대우,대창",1817,"76.03㎡/53.82㎡&,92.56㎡/70.68㎡&,109.09㎡/84.69㎡&","면적73㎡&,면적90㎡&,면적104㎡&",1000000015
서현동,성남시,경기도,KBA005934,효자촌(대창),326,902,"효자촌대우,대창",1817,"76.03㎡/53.82㎡&,92.56㎡/70.68㎡&,109.09㎡/84.69㎡&","면적73㎡&,면적90㎡&,면적104㎡&",1000000015
수내동,성남시,경기도,KBA003397,양지마을(금호),1490,814,"양지3,5단지금호,한양",100754,"85.95㎡/59.62㎡&,103.43㎡/84.9㎡&,128.93㎡/101.91㎡&,157.98㎡/134.48㎡&,185.12㎡/154.07㎡&,192.83㎡/164.25㎡&,228.84㎡/193.85㎡&,227.27㎡/198.45㎡&","면적113㎡&,면적124A㎡&,면적126B㎡&,면적138㎡&,면적157A㎡&,면적163B㎡&,면적180㎡&,면적224㎡&",1000000014
수내동,성남시,경기도,KBA011019,양지마을(청구),896,768,양지2단지청구,1980,"79.34㎡/55.44㎡&,92.56㎡/65.09㎡&,104.1㎡/84.6㎡&,107.3㎡/84.99㎡&,160.5㎡/134.8㎡&,206.16㎡/173.96㎡&,231.92㎡/197.77㎡&","면적104㎡&,면적107㎡&,면적160㎡&,면적206㎡&,면적231㎡&",1000000014
수내동,성남시,경기도,KBA003156,양지마을(한양),2006,1430,양지5단지한양,1994,"38.72㎡/28.16㎡&,48.24㎡/35.1㎡&,58.52㎡/42.56㎡&,59.86㎡/48.51㎡&,79.14㎡/59.4㎡&,79.62㎡/59.76㎡&,106.64㎡/84.9㎡&,126.36㎡/101.93㎡&,138.87㎡/114.48㎡&,163.22㎡/134.55㎡&,198.84㎡/164.4㎡&,238.08㎡/200.61㎡&","면적38㎡&,면적48㎡&,면적58㎡&,면적59㎡&,면적99㎡&,면적106㎡&,면적138㎡&,면적163㎡&,면적173㎡&,면적198㎡&,면적220㎡&,면적238㎡&",1000000014
수내동,성남시,경기도,KBA007186,파크타운(서안),799,798,파크타운서안,3087,"77.57㎡/59.32㎡&,105.14㎡/84.6㎡&,110.87㎡/84.78㎡&,124.58㎡/101.91㎡&,125.44㎡/101.83㎡&,157.54㎡/131.49㎡&,162.3㎡/134.41㎡&,166.75㎡/134.91㎡&,167.42㎡/134.71㎡&,217.87㎡/186.09㎡&,219.83㎡/184.78㎡&,229.47㎡/191.52㎡&","면적77㎡&,면적105㎡&,면적110㎡&,면적124A㎡&,면적125B㎡&,면적157㎡&,면적162㎡&,면적166B㎡&,면적167A㎡&,면적217B㎡&,면적219A㎡&,면적229A㎡&,면적229B㎡&",1000000002
수진동,성남시,경기도,KBA009148,MD,100,63,MD,9658,102.7㎡/84.87㎡&,면적102㎡&,1000000001
야탑동,성남시,경기도,KBA007602,탑마을(진덕),1166,584,탑5단지타워빌,2877,"122.31㎡/101.91㎡&,158.67㎡/131.4㎡&,158.67복층㎡/131.91㎡&","면적122㎡&,면적154㎡&,면적158㎡&",1000000015
야탑동,성남시,경기도,KBA008232,탑마을(쌍용),1166,584,탑5단지타워빌,2877,"122.31㎡/101.91㎡&,158.67㎡/131.4㎡&","면적122㎡&,면적154㎡&,면적158㎡&",1000000015
야탑동,성남시,경기도,KBA001008,탑마을(경향),1166,582,탑3단지타워빌,8859,"122.31㎡/101.91㎡&,158.67㎡/131.4㎡&","면적122㎡&,면적154㎡&,면적158㎡&",1000000015
야탑동,성남시,경기도,KBA011105,탑마을(기산),1166,582,탑3단지타워빌,8859,"122.31㎡/101.91㎡&,158.67㎡/131.4㎡&","면적122㎡&,면적154㎡&,면적158㎡&",1000000015
양지동,성남시,경기도,KBA024187,양우내안애,68,67,양우내안애,103005,"80.93㎡/59.95㎡&,84.44㎡/63.81㎡&,95.93㎡/73.67㎡&,110.92㎡/84.8㎡&","면적80㎡&,면적84㎡&,면적95㎡&,면적110㎡&,면적178㎡&",1000000001
양지동,성남시,경기도,KBA009368,통보,80,78,통보,1740,"61.46㎡/54.32㎡&,66.36㎡/58.8㎡&,76.86㎡/69.72㎡&,82.92㎡/75.34㎡&","면적61A㎡&,면적61B㎡&,면적66㎡&,면적76㎡&,면적82㎡&",1000000001
운중동,성남시,경기도,KBA022412,산운마을(13단지태영데시앙),587,1396,산운13단지휴먼시아데시앙,27507,106.97㎡/84.92㎡&,"면적106D㎡&,면적107A㎡&,면적107C㎡&,면적107B㎡&",1000000014
이매동,성남시,경기도,KBA000930,아름마을(두산),566,1132,아름4단지두산삼호,2392,"72.72㎡/59.79㎡&,102.47㎡/84.84㎡&,125.62㎡/101.82㎡&,158.67㎡/132.72㎡&,191.73㎡/158.4㎡&,214.87㎡/178.23㎡&","면적71㎡&,면적102㎡&,면적123㎡&,면적156㎡&,면적188㎡&,면적209㎡&",1000000015
이매동,성남시,경기도,KBA004548,아름마을(삼호),566,1132,아름4단지두산삼호,2392,"72.72㎡/59.79㎡&,102.47㎡/84.84㎡&,125.62㎡/101.82㎡&,158.67㎡/132.72㎡&,191.73㎡/158.4㎡&,214.87㎡/178.23㎡&","면적71㎡&,면적102㎡&,면적123㎡&,면적156㎡&,면적188㎡&,면적209㎡&",1000000015
이매동,성남시,경기도,KBA002342,이매촌(진흥),828,832,이매진흥,2537,"75.16㎡/59.58㎡&,102.32㎡/84.63㎡&,122.45㎡/101.89㎡&,156.08㎡/134.91㎡&","면적75㎡&,면적102㎡&,면적122㎡&,면적156㎡&",1000000012
정자동,성남시,경기도,KBA009667,느티마을경남연립,100,200,"느티마을경남,선경",14533,"158.67㎡/134.97㎡&,198.34㎡/164.84㎡&","면적158A㎡&,면적159B㎡&,면적195㎡&,면적199㎡&",1000000013
정자동,성남시,경기도,KBA002028,한솔마을주공(5단지),1158,1156,한솔5단지주공,2767,"57.4㎡/41.85㎡&,60.27㎡/41.85㎡&,61.79㎡/42.75㎡&,74.39㎡/51.66㎡&,101.11㎡/74.16㎡&","면적57㎡&,면적60㎡&,면적61㎡&,면적74㎡&,면적100㎡&,면적101㎡&",1000000013
정자동,성남시,경기도,KBA012042,미켈란쉐르빌,802,803,미켈란쉐르빌,8409,"185.35A㎡/150.91㎡&,186.37B㎡/151.74㎡&,186.54C㎡/151.88㎡&,190.49A㎡/155.1㎡&,190.5B㎡/155.11㎡&,193.53A㎡/157.57㎡&,192.86B㎡/157.03㎡&,202.97㎡/165.25㎡&,239.28㎡/194.81㎡&,165.8㎡/134.99㎡&,300.55㎡/244.7㎡&,24.52㎡/19.96㎡&,35.57㎡/28.96㎡&","면적21C㎡&,면적23A㎡&,면적24B㎡&,면적25A㎡&,면적26B㎡&,면적28㎡&,면적35A㎡&,면적37B㎡&,면적41㎡&,면적43A㎡&,면적44B㎡&,면적46A㎡&,면적46B㎡&,면적49A㎡&,면적50B㎡&,면적57㎡&,면적101㎡&,면적165㎡&,면적185A㎡&,면적186B㎡&,면적186C㎡&,면적190A㎡&,면적190B㎡&,면적192C㎡&,면적193㎡&,면적202㎡&,면적233㎡&,면적239㎡&,면적300㎡&,면적336㎡&",1000000001
하대원동,성남시,경기도,KBA000690,삼두,60,70,삼두,10072,60.82㎡/45.84㎡&,"면적57㎡&,면적60㎡&",1000000001
권선동,수원시,경기도,KBA027420,수원아이파크시티5단지,704,1152,"수원아이파크시티5,6단지",107330,"83.63A㎡/59.96㎡&,85.07B㎡/59.98㎡&,84.4D㎡/59.82㎡&,104.41㎡/74.72㎡&,117.41A㎡/84.8㎡&,118.3B㎡/84.94㎡&,117.7C㎡/84.99㎡&","면적82A2㎡&,면적82C㎡&,면적83A1㎡&,면적84B㎡&,면적84D㎡&,면적85B㎡&,면적103㎡&,면적104㎡&,면적116C㎡&,면적117D㎡&,면적117A㎡&,면적117C㎡&,면적118B㎡&,면적138㎡&",1000000015
권선동,수원시,경기도,KBA027421,수원아이파크시티6단지,448,1152,"수원아이파크시티5,6단지",107330,"82.69A㎡/59.96㎡&,82.86C㎡/59.83㎡&,84.13B㎡/59.98㎡&,103.23㎡/74.72㎡&,117D㎡/84.89㎡&,116.34C㎡/84.99㎡&,138.51㎡/101.91㎡&","면적82A2㎡&,면적82C㎡&,면적83A1㎡&,면적84B㎡&,면적84D㎡&,면적85B㎡&,면적103㎡&,면적104㎡&,면적116C㎡&,면적117D㎡&,면적117A㎡&,면적117C㎡&,면적118B㎡&,면적138㎡&",1000000015
권선동,수원시,경기도,KBA003964,벽산,282,368,벽산,1754,"125.62㎡/101.78㎡&,171.9㎡/134.95㎡&","면적104B㎡&,면적105A㎡&",1000000014
권선동,수원시,경기도,KBA006277,벽산(삼호),368,368,벽산,1754,105.06㎡/84.97㎡&,"면적104B㎡&,면적105A㎡&",1000000014
권선동,수원시,경기도,KBA010412,한성,280,562,벽산한성,1755,"125.62㎡/101.88㎡&,165.29㎡/134.97㎡&","면적126A㎡&,면적126B㎡&,면적164㎡&,면적171㎡&",1000000013
권선동,수원시,경기도,KBA006781,풍림,276,552,신안풍림,1763,"122.31㎡/101.97㎡&,161.98㎡/134.07㎡&","면적121A㎡&,면적121B㎡&,면적159A㎡&,면적159B㎡&",1000000013
권선동,수원시,경기도,KBA000427,보성유원(보성),600,1200,"보성,유원",1766,79.33㎡/60㎡&,"면적79㎡&,면적83㎡&",1000000015
권선동,수원시,경기도,KBA006218,보성유원(유원),600,1200,"보성,유원",1766,82.64㎡/59.76㎡&,"면적79㎡&,면적83㎡&",1000000015
연무동,수원시,경기도,KBA010793,태영,151,86,태영,2696,"72.25㎡/59.2㎡&,86.66㎡/71.4㎡&,102.52㎡/84.86㎡&","면적72㎡&,면적86㎡&",1000000001
영통동,수원시,경기도,KBA006194,벽산(황골),464,928,"벽산,풍림",10685,109.09㎡/84.96㎡&,"면적109B㎡&,면적109A㎡&",1000000015
영통동,수원시,경기도,KBA006282,풍림(황골),464,928,"벽산,풍림",10685,109.09㎡/84.84㎡&,"면적109B㎡&,면적109A㎡&",1000000015
영통동,수원시,경기도,KBA007085,벽산(청명),621,928,"벽산,풍림",10685,"95.86㎡/73.79㎡&,109.09㎡/84.96㎡&","면적109B㎡&,면적109A㎡&",1000000015
영통동,수원시,경기도,KBA008702,신나무실풍림,388,928,"벽산,풍림",10685,"95.86㎡/75.69㎡&,109.09㎡/84.9㎡&","면적109B㎡&,면적109A㎡&",1000000015
영통동,수원시,경기도,KBA004617,신명(신나무실),422,836,"신나무실6단지동보,신명",12042,105.78㎡/84.9㎡&,면적106㎡&,1000000015
영통동,수원시,경기도,KBA004859,동보(신나무실),414,836,"신나무실6단지동보,신명",12042,105.78㎡/84.9㎡&,면적106㎡&,1000000015
영통동,수원시,경기도,KBA001304,우성(벽적골),614,1842,"벽적골8단지두산,우성.한신",12045,79.33㎡/59.84㎡&,"면적80A㎡&,면적80B㎡&",1000000015
영통동,수원시,경기도,KBA002233,벽적골한신,614,1842,"벽적골8단지두산,우성.한신",12045,79.33㎡/59.84㎡&,"면적80A㎡&,면적80B㎡&",1000000015
영통동,수원시,경기도,KBA007594,두산(벽적골),614,1842,"벽적골8단지두산,우성.한신",12045,79.33㎡/59.84㎡&,"면적80A㎡&,면적80B㎡&",1000000015
영통동,수원시,경기도,KBA003557,신원,334,574,"신원,미주",13465,"125.62㎡/101.71㎡&,161.98㎡/134.99㎡&","면적127A㎡&,면적127B㎡&,면적143㎡&,면적145㎡&,면적164A㎡&,면적164B㎡&",1000000015
영통동,수원시,경기도,KBA005424,미주,240,574,"신원,미주",13465,"125.62㎡/101.99㎡&,161.98㎡/134.78㎡&","면적127A㎡&,면적127B㎡&,면적143㎡&,면적145㎡&,면적164A㎡&,면적164B㎡&",1000000015
영통동,수원시,경기도,KBA000214,영통(동아),320,1248,"살구골진덕,서광,성지,동아",1800,"125.62㎡/101.25㎡&,161.98㎡/134.88㎡&","면적126㎡&,면적163㎡&,면적197㎡&",1000000015
영통동,수원시,경기도,KBA002072,영통(성지),288,1248,"살구골진덕,서광,성지,동아",1800,"125.62㎡/101.25㎡&,161.98㎡/134.88㎡&,195.04㎡/164.85㎡&","면적126㎡&,면적163㎡&,면적197㎡&",1000000015
영통동,수원시,경기도,KBA010282,영통(진덕),312,1248,"살구골진덕,서광,성지,동아",1800,"125.62㎡/101.25㎡&,161.98㎡/134.88㎡&,195.04㎡/164.85㎡&","면적126㎡&,면적163㎡&,면적197㎡&",1000000015
영통동,수원시,경기도,KBA010538,영통(서광),328,1248,"살구골진덕,서광,성지,동아",1800,"125.62㎡/101.25㎡&,161.98㎡/134.88㎡&","면적126㎡&,면적163㎡&,면적197㎡&",1000000015
영통동,수원시,경기도,KBA003531,삼성(벽적골),416,832,"삼성,태영",1803,"105.78㎡/84.84㎡&,109.09㎡/84.93㎡&","면적107A2㎡&,면적108A1㎡&,면적109B1㎡&,면적109B2㎡&",1000000015
영통동,수원시,경기도,KBA010817,태영(벽적골),416,832,"삼성,태영",1803,"105.78㎡/84.88㎡&,109.09㎡/84.91㎡&","면적107A2㎡&,면적108A1㎡&,면적109B1㎡&,면적109B2㎡&",1000000015
영통동,수원시,경기도,KBA005928,삼익(청명),621,1242,벽산삼익,1804,"95.86㎡/73.79㎡&,109.09㎡/84.96㎡&","면적96(삼익)㎡&,면적96(벽산)㎡&,면적109(삼익)㎡&,면적109(벽산)㎡&",1000000014
영통동,수원시,경기도,KBA000041,한국(황골),476,952,"신명,한국",1812,"79.33㎡/59.95㎡&,82.64㎡/59.99㎡&","면적81A㎡&,면적82B㎡&",1000000015
영통동,수원시,경기도,KBA002488,신명(황골),476,952,"신명,한국",1812,"79.33㎡/59.95㎡&,82.64㎡/59.99㎡&","면적81A㎡&,면적82B㎡&",1000000015
영통동,수원시,경기도,KBA019219,영통e-편한세상,240,230,영통e-편한세상,26008,105.98㎡/84.98㎡&,면적105㎡&,1000000001
영통동,수원시,경기도,KBA002633,신나무실극동,388,776,"극동,풍림",7952,"95.86㎡/75.69㎡&,105.78㎡/84.9㎡&","면적98㎡&,면적108㎡&",1000000015
영통동,수원시,경기도,KBA004136,신안(신나무실),404,1616,"신성,신안,쌍용,진흥",7954,79.33㎡/59.96㎡&,면적80㎡&,1000000015
영통동,수원시,경기도,KBA004695,신성(신나무실),406,1616,"신성,신안,쌍용,진흥",7954,79.33㎡/59.96㎡&,면적80㎡&,1000000015
영통동,수원시,경기도,KBA008139,진흥(신나무실),404,1616,"신성,신안,쌍용,진흥",7954,79.33㎡/59.96㎡&,면적80㎡&,1000000015
영통동,수원시,경기도,KBA010422,쌍용(신나무실),404,1616,"신성,신안,쌍용,진흥",7954,79.33㎡/59.96㎡&,면적80㎡&,1000000015
영화동,수원시,경기도,KBA001024,동성영화타운,180,178,동성영화타운,1798,"79.4㎡/59.84㎡&,83.23㎡/59.84㎡&,102.01㎡/84.97㎡&,112.69㎡/84.92㎡&,161.92㎡/134.88㎡&","면적79㎡&,면적83㎡&,면적102㎡&,면적112㎡&,면적161㎡&",1000000001
율전동,수원시,경기도,KBA011946,벽산블루밍,319,318,벽산블루밍,10732,"105.94A㎡/84.7㎡&,105.78B㎡/84.6㎡&","면적105A㎡&,면적106B㎡&",1000000001
인계동,수원시,경기도,KBA018302,CJ,220,211,씨제이,17215,"68.02㎡/48.13㎡&,79.18㎡/57.04㎡&","면적68㎡&,면적79㎡&",1000000012
인계동,수원시,경기도,KBA000165,전원,240,260,전원,1838,"92.89㎡/75.78㎡&,109.09㎡/84.86㎡&,158.08㎡/131.96㎡&,209.35㎡/174.75㎡&,91.96㎡/76.77㎡&,104.02㎡/84.86㎡&,115.07㎡/93.87㎡&","면적91B㎡&,면적92A㎡&,면적104㎡&,면적115㎡&,면적158㎡&,면적209㎡&",1000000001
인계동,수원시,경기도,KBA018594,래미안노블클래스1단지,1351,892,래미안노블클래스1단지,25771,"85.63㎡/59.99㎡&,114.39㎡/84.99㎡&,142.05㎡/111.05㎡&,155.12㎡/123.35㎡&","면적85㎡&,면적113C㎡&,면적113B㎡&,면적114A㎡&,면적142㎡&,면적155㎡&",1000000001
탑동,수원시,경기도,KBA001862,삼성,300,299,삼성,2713,"85.38㎡/59.98㎡&,106.88㎡/84.87㎡&,161.24㎡/134.5㎡&","면적85㎡&,면적106㎡&,면적161㎡&",1000000001
화서동,수원시,경기도,KBA026240,화서한신휴플러스,195,198,화서한신휴플러스,108025,"94.43㎡/69.51㎡&,109.46㎡/84.98㎡&","면적94A㎡&,면적109C㎡&,면적109A㎡&,면적109D㎡&,면적109B㎡&",1000000001
거모동,시흥시,경기도,KBA005838,녹원,226,220,녹원,3962,114.06㎡/84.99㎡&,면적114㎡&,1000000001
신천동,시흥시,경기도,KBA010993,현대.,100,99,현대,4001,"54.48㎡/41.16㎡&,58.26㎡/44.4㎡&","면적54㎡&,면적58㎡&",1000000003
은행동,시흥시,경기도,KBA002231,동경6차.,73,72,동경6차,1868,"78.1㎡/59.64㎡&,106.05㎡/79.58㎡&,125.52㎡/81.59㎡&","면적78㎡&,면적106㎡&,면적125㎡&",1000000003
은행동,시흥시,경기도,KBA006758,대우.,80,79,대우,25035,51.06㎡/45.56㎡&,"면적51㎡&,면적56㎡&",1000000003
장곡동,시흥시,경기도,KBA007777,진말우성,320,640,"진말대우,우성",2763,"102.47㎡/84.97㎡&,119㎡/99.98㎡&,158.67㎡/134.89㎡&","면적103㎡&,면적105㎡&,면적121B㎡&,면적121A㎡&,면적159A㎡&,면적160B㎡&",1000000015
장곡동,시흥시,경기도,KBA009179,진말대우,320,640,"진말대우,우성",2763,"105.78㎡/84.9㎡&,119㎡/99.95㎡&,158.67㎡/133.98㎡&","면적103㎡&,면적105㎡&,면적121B㎡&,면적121A㎡&,면적159A㎡&,면적160B㎡&",1000000015
장현동,시흥시,경기도,KBA001340,새재마을대동,480,958,"새재마을대동,청구",4012,"79.33A㎡/59.85㎡&,95.86㎡/75.44㎡&,105.78B㎡/84.68㎡&,138.84㎡/114.55㎡&,79.33B㎡/59.96㎡&,105.78A㎡/84.97㎡&,105.78C㎡/84.92㎡&","면적78A㎡&,면적78B㎡&,면적81A㎡&,면적82B㎡&,면적94㎡&,면적98㎡&,면적106C㎡&,면적107A㎡&,면적107B㎡&,면적108㎡&,면적136㎡&,면적140㎡&",1000000015
장현동,시흥시,경기도,KBA003766,새재마을청구,478,958,"새재마을대동,청구",4012,"76.03A㎡/59.91㎡&,92.56㎡/75.06㎡&,105.78㎡/84.91㎡&,135.53㎡/114.99㎡&,76.03B㎡/59.99㎡&","면적78A㎡&,면적78B㎡&,면적81A㎡&,면적82B㎡&,면적94㎡&,면적98㎡&,면적106C㎡&,면적107A㎡&,면적107B㎡&,면적108㎡&,면적136㎡&,면적140㎡&",1000000015
조남동,시흥시,경기도,KBA009388,삼호가든,366,362,삼호,2772,"76.27㎡/59.71㎡&,108.55㎡/84.98㎡&","면적76A㎡&,면적76B㎡&,면적108㎡&",1000000012
조남동,시흥시,경기도,KBA003714,장미.,80,122,장미,2776,66.52㎡/49.68㎡&,"면적55㎡&,면적66㎡&",1000000003
건건동,안산시,경기도,KBA011959,건건e-편한세상,1888,1886,건건e-편한세상,9316,"80.94㎡/59.97㎡&,96.56㎡/70.76㎡&,110.53㎡/84.93㎡&","면적80㎡&,면적96㎡&,면적110A㎡&,면적112B㎡&",1000000001
고잔동,안산시,경기도,KBA008405,대동연립,192,191,대동15차,14820,"68.1㎡/50.94㎡&,71.51㎡/53.49㎡&,74.92㎡/56.04㎡&,78.57㎡/58.77㎡&","면적68㎡&,면적71㎡&,면적74㎡&,면적78㎡&",1000000012
본오동,안산시,경기도,KBA001688,우성(저층),390,1080,우성(에버그린우성),1926,"56.19㎡/45.77㎡&,72.72㎡/59.33㎡&","면적57(저층)㎡&,면적73(저층)㎡&,면적95(고층)㎡&,면적106(고층)㎡&,면적153(고층)㎡&",1000000015
본오동,안산시,경기도,KBA005096,우성(고층),690,1080,우성(에버그린우성),1926,"92.56㎡/75.49㎡&,105.78㎡/84.91㎡&,152.06㎡/127.22㎡&","면적57(저층)㎡&,면적73(저층)㎡&,면적95(고층)㎡&,면적106(고층)㎡&,면적153(고층)㎡&",1000000015
본오동,안산시,경기도,KBA004038,태영(저층),300,672,태영,1928,"76.03㎡/61.93㎡&,92.56㎡/76.87㎡&","면적77㎡&,면적94㎡&,면적106㎡&,면적144㎡&,면적166㎡&",1000000015
본오동,안산시,경기도,KBA010258,태영(고층),372,672,태영,1928,"105.78㎡/84.99㎡&,142.14㎡/120.75㎡&,165.29㎡/140.55㎡&","면적77㎡&,면적94㎡&,면적106㎡&,면적144㎡&,면적166㎡&",1000000015
본오동,안산시,경기도,KBA003462,한양(저층),630,2222,한양,1931,"72.72㎡/58.54㎡&,82.64㎡/68.9㎡&","면적38㎡&,면적58㎡&,면적72㎡&,면적85㎡&,면적88㎡&,면적104㎡&,면적143㎡&,면적183㎡&",1000000015
